-7.32058006581681187e-02,-2.59373707795393371e-02,-7.36464566032809936e-02,8.20790657536872997e-02,1.24752171071150178e-01,8.32850992553567787e-02,8.44955062201587226e-02,-2.12688093385015653e-01,-1.42653863989392393e-01,1.08912396342906920e-01,-7.98631060512055985e-02,-1.23157861556085310e-01,8.59972185948719159e-02,1.35727169784204942e-02,5.32974703899259869e-02,-2.49377120907886274e-01,6.52238709900031521e-02,5.08490889574106115e-03,3.94099044071410665e-02,2.28310842317072452e-02,4.66712893393058798e-02,5.28479726040384512e-02,8.72541915038941157e-02,1.97540859323576234e-01,1.21394187022762483e-02,2.95065186238191966e-02,1.74447747858281238e-01,-3.13280213385516790e-03,1.01996065502504327e-01,-1.62760795162035482e-01,-2.38326650268033723e-03,1.44470346148856427e-01,1.30275924547043009e-01,-8.40324974898942478e-02,2.27817910211104979e-01,-2.32750557609615293e-02,8.28296683502085379e-03,-5.05093558357961464e-02,7.68009851270231997e-02,-2.21427837489688945e-01
3.33569524207162843e-03,5.59614211121177221e-02,1.28601219156896179e-01,-7.14296105446839483e-03,-1.20972659908798102e-01,-1.30920887994165153e-01,-2.08048990989332799e-01,-4.46155106607281429e-02,2.24916982080592881e-01,4.90362746441042122e-02,-1.53088232275881914e-04,-8.92111790218532985e-02,-7.71826599830897631e-02,-1.38972196157932902e-02,-3.98027094134388304e-02,-7.18836960663298968e-02,2.79972898815208536e-03,-1.16248729929505495e-01,9.76520335457739808e-02,5.42820353882720393e-04,-1.61891729010976038e-01,9.49154895431693763e-02,-2.10144254373690220e-01,8.59420959286247010e-02,5.51047262193455969e-02,1.31008313875642327e-02,-3.43183478975769563e-02,-8.43394042767250107e-02,-1.30656051607719675e-01,1.03383750765668830e-01,-5.07265802969894611e-02,6.44127100385510215e-02,1.93636877622885312e-01,1.22725512939633449e-01,-1.69939165397670594e-01,-4.12647266946337687e-02,5.44809719671550813e-02,-6.23973018055311024e-02,5.12953952630988488e-02,8.67268346699213016e-02
-3.19842775624264788e-02,1.02671202067272357e-01,1.98974897358295183e-01,7.36497211700184919e-03,1.63697902551628388e-01,6.39644869971704583e-02,-1.44231718921958768e-01,1.00371222888772441e-01,-4.49841195426301313e-02,-2.58953612765075534e-03,-7.51510144838395122e-02,-1.41269087616834460e-01,5.61401650131447480e-02,-8.43043235341440211e-02,-1.07827077080905442e-01,2.35559657105269861e-02,-1.83247467092903876e-01,1.13973001853564154e-01,1.15193364602216200e-01,-2.90111445626461302e-02,5.27423340706592997e-02,7.55217921480081794e-02,-1.72787555872654180e-01,-1.30142323584929692e-01,1.30225762411781271e-01,-1.09240884361850560e-01,-1.15360062499513341e-03,1.94760106519949627e-01,1.87631082914306302e-01,4.86964329643082736e-04,-1.62411797098344968e-01,3.68793222245519456e-02,-3.86368985807638773e-02,-4.11052107882841494e-03,2.56688258393121371e-01,2.98712259706656810e-02,-2.00370232547575799e-01,-2.89262860374389585e-01,-2.87097773295535874e-01,-3.38057602916678052e-02
-1.26937777549523401e-01,-5.92876019544868321e-02,1.64373430567446382e-01,1.66734410459748655e-01,-7.65094698304106396e-02,-1.11487549654996645e-01,1.85020552073970786e-02,1.09314684361797813e-03,-9.04325883591798607e-02,1.62090657882996182e-02,2.53266008987801217e-01,-4.38670034637095585e-02,-2.84574594350446630e-01,1.76470726070191208e-01,2.11924492387913777e-01,7.67786879393298483e-02,-2.18961719864710115e-02,-1.85343599581889090e-01,8.62946863846075357e-02,-8.17902779703755245e-02,-2.47897674089943953e-01,-6.84959991525156409e-02,1.47030861827175952e-01,-3.68022639664701903e-02,8.89483669287346040e-02,9.15001495425841332e-02,1.52958661242830113e-01,-1.70339919246705163e-01,3.06876299405285047e-01,-2.64674854156348328e-03,5.29694741429768759e-02,-6.16098838397063364e-02,-4.61925837951123255e-03,2.25239533183702600e-02,-1.48449913137075451e-01,2.30439974195159741e-01,1.43994129786748554e-01,6.24754158694403733e-02,-1.36387845695083096e-02,7.61453684289429278e-02
-1.49861188042292814e-01,-1.81105236391960966e-01,-5.25269692216144765e-02,-8.04448316614448516e-02,1.31356658950237681e-01,-7.47672624205877878e-02,3.45967452077499613e-02,1.83974090655779771e-01,-6.58310485772627407e-02,3.43299376041002885e-03,-1.07408389861837456e-01,-1.79568435719271891e-01,-1.09302005136193606e-01,3.03964572591635951e-02,3.16217014858027612e-02,1.54794513723752108e-01,1.58509535648164203e-02,2.53670297540621870e-01,-5.28097109015777735e-02,-1.03926414261825018e-02,-4.49653250066107306e-04,2.25975399067946184e-02,-8.95318153970772468e-02,1.79165107368794735e-01,-5.65008441516859569e-02,-3.32397685097492110e-02,2.80059036771662419e-02,2.32125490305482129e-01,-2.40494832310871209e-01,1.38507138152695886e-01,5.15453277009339100e-02,2.87461542274290507e-02,3.90899639640731530e-02,1.68255434997651748e-01,6.90137918359423879e-03,-1.48063405230570988e-01,-1.61746857916545528e-01,1.02599850300229539e-02,-5.37961441263386103e-02,-1.34363315779548909e-01
1.30176615524653594e-01,1.29151480838904958e-01,-1.38057587066929398e-02,1.99052301566323281e-02,3.94028842502220311e-01,1.01755384542749405e-01,7.03432353841949992e-02,1.54161508766293698e-01,3.97869355413366793e-02,4.98580994378207895e-02,1.63938504354880471e-01,1.88863041126381470e-01,-5.30902451406059656e-02,-1.73496645081515910e-01,5.04504387363182566e-02,4.60149645090611285e-03,2.40432067144748181e-04,-2.19631451142889844e-02,1.20482545537678898e-01,1.47315173899692564e-01,-2.30811662949786493e-02,-2.33472060543276454e-02,-1.14651311233940206e-02,-1.86062856409495353e-01,2.18429516552339970e-01,-1.82126593082673788e-01,-9.64084204341633666e-02,7.64654085894753751e-03,9.27699135682391735e-02,2.27703965621893933e-01,6.31972627767801581e-02,8.49423681900206007e-02,-1.64061350090606572e-01,-4.73092207378626173e-02,-1.16264925468921587e-01,-6.49369979515531520e-02,-1.95369513628290380e-02,7.30328714476378843e-02,2.03782396315350167e-01,1.02682310233811344e-01
-1.55097716419966197e-01,-3.14127861943731823e-01,-6.81370152609860665e-03,6.50827160306046426e-02,2.54182692409233857e-01,-1.30186949907398458e-01,1.60331517995255857e-01,2.21427860076399530e-01,-1.64717415041041662e-02,1.65902823302824659e-01,-6.31309405728049527e-02,-1.14178740794105435e-01,-1.40647196910973021e-01,1.94288939614013917e-02,-8.39420565212898456e-02,2.57058837949552983e-02,-1.29636751913857123e-01,-8.38174027880855266e-02,4.73113057782945171e-02,1.92055840927110866e-01,-8.64569383424715482e-02,6.50629937163457184e-02,-1.27526407675374709e-01,-9.36110764202744000e-02,-3.69611359291311739e-02,8.42017863650197651e-02,-1.29929093576002814e-02,3.17779441231530587e-03,1.65628544695877095e-01,-8.60678375790395120e-03,9.71632997850639946e-02,1.73402495228092250e-02,2.07009516182373038e-01,8.62531004303349474e-02,6.63074767472947302e-02,8.34457067263117552e-02,-5.45484095842544495e-02,-2.77227246041832423e-02,9.80467356868205790e-03,7.63390541037817054e-03
-9.23492609566692046e-02,-7.70400148282412711e-02,-8.07121439232554583e-02,2.24042339433424387e-01,-1.04729043409183070e-01,8.04216447080067787e-02,6.81396289322099280e-02,-8.33350037630500168e-02,-8.24635003065877017e-03,4.84575904202515020e-02,2.24935533233439289e-01,3.07848580752122070e-01,-1.67663990545947383e-01,1.31419441500121886e-01,-1.48130629057454666e-01,3.06817631091953619e-02,1.35695673408839812e-01,1.87038388392739841e-01,1.10620151552336163e-01,1.59790345215424512e-01,7.33311088119110027e-02,2.01156750573327353e-01,1.24492611374962495e-01,1.20624150319747589e-01,-9.81122558680767448e-02,1.28227391202464548e-02,7.62664099382950322e-02,-2.24048072188268083e-01,-7.87301642322351669e-02,7.11323273652392646e-02,1.47987245130749207e-01,4.39111357050006521e-02,9.58914478085492496e-03,-2.58454024938508164e-01,-5.82736928151435518e-02,1.60176160726208411e-01,1.59252696048303097e-02,1.10089061675391592e-01,-8.62828791758762648e-02,-1.53721541673739442e-01
2.04533187012235412e-01,-1.83597384595879154e-01,-1.65617612608037673e-01,-3.62131238349106960e-02,6.83647644575930830e-02,1.68807302845548728e-02,-8.11714916802315639e-02,3.48637507323105056e-01,-1.78918734415778012e-02,-2.61945155700010257e-01,1.08334267856771041e-01,-1.24179878976143854e-01,-2.10624438324293062e-02,-4.14401398071128635e-02,-5.78388053062596913e-02,1.04396443232892253e-01,2.61822539476295709e-04,1.94433653088933650e-01,1.08558541738354206e-01,-2.26591384981181837e-01,-1.88753331992814993e-01,-6.43541801495920995e-02,-4.68797535870119145e-02,2.04052513526366580e-01,-8.92697770978043287e-02,-1.56586714448558768e-02,5.05519467319825999e-02,-2.05017823170316159e-02,-2.19954039293946663e-01,5.36701085647873707e-02,-4.84177215681192083e-02,1.60066658238185555e-01,-2.12364272568305146e-01,2.17500632417305531e-03,1.16018971077621380e-01,-5.29985114779773780e-02,-2.77304550524197849e-02,2.71068357357421123e-02,-1.81288984543316906e-01,1.37753998838887476e-03
5.21084215616231458e-02,-1.74697423084919021e-02,-7.05927851970147846e-02,-7.58667496152858889e-02,4.34427444401090448e-02,4.17847240956798482e-02,4.76930530721993151e-02,-1.13581830731486769e-01,-6.07997076816644208e-02,-2.98349570109937880e-02,1.85710326056512283e-02,2.06206437206873025e-02,1.03164875203095238e-01,-3.95006982332436491e-03,5.79111960766157466e-02,1.04750588553212273e-01,-1.79908486988451903e-02,1.20777815509868922e-01,-1.49730948391635726e-01,8.97777301747598871e-02,-9.07648829546685854e-02,1.56431904053375342e-01,7.93237816514343330e-02,-1.47329071306493614e-01,1.07110121893322668e-01,2.61646173351838818e-01,4.75861747299318322e-02,-3.29060311029396368e-01,3.47109179690661546e-02,1.52373646106636867e-01,-2.79464656837234392e-02,-9.75568502865064302e-02,-9.14370696350903234e-02,6.11293267322184225e-02,-8.67176085199044128e-02,4.02697897069220434e-01,-1.07203013572093955e-01,-6.40128297301231497e-02,2.21634053604328723e-01,-7.03767722602545720e-02
5.47863489708454304e-02,-1.06960748477431922e-01,-4.86999172001513700e-02,-1.84066763476518930e-01,-8.39427232355150210e-02,-1.18100911247518328e-01,4.29583286823716701e-02,4.75647310295264879e-03,-1.43788477116551898e-02,-2.15193104105661670e-01,4.03799610076889873e-02,-7.27867904533252841e-02,-8.68506218648164435e-02,-3.95048586476083541e-01,5.17539727436585606e-02,-2.55137104841498430e-01,7.12667885014216934e-02,2.79331925318076046e-01,-5.17515986796457592e-02,-2.34088442023224590e-02,3.04947781167996368e-01,-8.00307779840273154e-02,-6.61271768683388966e-02,1.91581061423053089e-01,1.14520641286286709e-01,-1.49760540155252447e-01,-1.81890862361593159e-01,-8.25909090537739893e-02,-3.34838074339858169e-02,6.61008632594299733e-02,1.15358471092966638e-01,-7.11350048870393412e-03,1.45903038867366719e-01,4.42472473210207221e-03,1.19939244323602798e-01,1.09593066093137667e-01,1.17267931396024289e-01,-8.93935692073903054e-02,-1.53645109799225132e-01,-9.93573065475246708e-02
4.38356673428534904e-02,1.29445860204506991e-01,1.01366931608566913e-01,1.05427763063786692e-01,-1.71756964392587308e-01,-1.04051059121564121e-01,1.48750501444559313e-01,8.94014345353418699e-02,4.13059580267343893e-03,2.70356386326714160e-01,-2.58357388782567074e-02,-6.20687098337007817e-02,7.75467754904428930e-02,4.21284603796961907e-02,1.31807084616008097e-01,-9.84962657999105123e-02,1.83359536963526915e-01,1.79853732947583445e-01,1.39119932405982222e-01,-2.34017420913466001e-01,-8.41153260374323392e-02,2.47817349989603690e-02,-2.87572121975713635e-01,-5.20215878269888500e-03,-2.04694304217876884e-02,-3.46487519315694520e-02,1.39549019892792364e-01,-1.38578419208233383e-01,-7.94862679578847015e-02,-4.08916660157116751e-02,-4.70251316592435256e-02,-1.13754929298282959e-01,1.28805117616621445e-01,1.24277652764729643e-01,-1.21293473211005823e-02,-6.62015623048413555e-03,2.31093602983629243e-01,-3.88180570181995838e-02,1.67601199760504443e-01,1.51644949983102666e-02
9.26021961609381217e-02,3.39077876521920174e-02,6.13279350871504328e-02,-4.20923582736374563e-02,6.41835414190579795e-02,-2.48116800885524874e-02,-1.16663964518448956e-02,-3.14941666004470988e-02,2.62008047547878264e-01,-1.00822069761403510e-01,1.26152454071628506e-01,1.49872360591537024e-01,1.16261550230099708e-01,1.18639492730445600e-03,2.26206287961047995e-03,-1.26136921339766950e-01,6.94148562585657561e-03,4.30663947398081323e-02,6.30568713774437989e-02,9.36221856982978780e-03,1.00557947681250582e-02,-4.40570287120881227e-02,1.90289193888483560e-01,-1.69585356107268936e-01,5.09037444891616009e-02,1.05979753847100150e-01,6.41395264927411557e-02,3.46068503719358309e-02,3.00166650340964597e-02,3.84364831364379725e-02,-1.99603799460227271e-01,6.59893308992064859e-02,-1.45842325776115722e-01,-8.21224638470690188e-02,1.07278530255901422e-01,-9.34352121241589229e-02,-4.56428722475668014e-02,-6.73864639703381646e-02,-9.96384432423356725e-02,1.68717850901475314e-01
2.00579435540434503e-01,-2.30550376624349324e-01,-3.22352930030046059e-01,-1.57841151822532902e-03,-1.45233181321303140e-01,-5.60580537340801058e-02,1.52756628109914153e-02,5.40202416536751037e-02,-5.99140043717034110e-02,-1.07067618441651732e-01,2.22137175103376633e-01,3.25232585000167780e-04,1.31348031184181507e-01,-1.60338787763713471e-02,6.23857339080722689e-02,1.39694703042128832e-01,-3.36011804812716364e-01,-3.52605444753961716e-02,3.29475350694901706e-02,1.46740618918454996e-01,-1.91881777652154445e-01,-7.64132141628668660e-02,-1.37790845965280129e-01,4.73514548356656767e-02,6.84162077694445842e-02,1.08426020986147328e-01,-9.10327949701405792e-02,1.40012385341437257e-01,3.41408324738253846e-02,-1.27339782713454835e-01,1.78084624242517281e-02,1.22313518322461207e-01,-8.26522573400433058e-02,1.81532438257008044e-01,1.17458869590269174e-01,7.03134003652922668e-02,2.11530041359999837e-01,5.00671041512319448e-02,2.00717697962364855e-01,-2.98140845225441150e-03
-1.27590570966500311e-01,2.07704172166537526e-01,1.62831978313249359e-01,8.79198154372877877e-02,-1.08923408741870634e-01,1.28474204363923955e-01,3.62531468209629365e-02,-7.24943464202111865e-02,2.43765274134516485e-01,1.52791725481458446e-01,-2.06289920752229620e-02,1.13034779036479668e-01,-2.95840033255860800e-02,8.94419047653707971e-02,-1.33938288935577493e-01,1.43625529713444888e-01,-2.84677960350348369e-01,-1.99009107082387893e-01,1.69401857896278069e-01,1.20301708241048605e-02,-2.65041151652157560e-02,-2.99130043996479855e-01,-1.72469215869494014e-01,1.25464049302689257e-01,-3.04420847525983043e-02,6.55294881016399988e-02,-3.10443407455492752e-02,-1.03505438173949443e-01,-7.53562020612496830e-02,3.28270102339234371e-01,9.69248455385468416e-02,-2.91199461292768469e-01,3.21819320068362280e-01,1.76605745374213176e-02,4.67081163582295025e-02,3.11197865142399249e-02,1.40162728348242671e-01,-1.01813414015219008e-02,4.60959467301139039e-03,5.85430865801835829e-02
-2.03562907950040561e-01,1.68468431607206558e-02,-3.51526058405579184e-02,1.25276959141914085e-01,-1.25919785691707503e-01,-2.29277433737828301e-01,1.32000184441156770e-01,5.09522708056591648e-04,-1.80331692151879386e-01,-1.00689144741813730e-01,-1.34258831103647256e-02,1.61707854487575381e-01,-2.18301870947504861e-01,-9.22159055833973174e-02,3.07495807501545593e-01,-1.64900926658058833e-01,-8.31624098156094754e-02,-5.62590986205356927e-02,1.38002057862115057e-01,-2.94649588621041757e-02,1.61539227034667332e-01,1.59001293100243551e-01,5.45128305742427210e-02,7.24555131746499291e-03,8.67253444463896295e-02,1.72485425267315307e-01,-1.17986357900870947e-01,2.37351152397695109e-02,-3.84845943648470246e-02,3.20751414797439058e-02,-1.39658798862033418e-01,-4.70301091858307679e-02,-4.58317276440425372e-02,-1.23304468377300164e-01,2.19631665628476566e-02,1.79007352141419829e-02,-3.50121875467845345e-02,-1.13655398908468375e-01,1.88531591359206996e-02,-7.11376691295904917e-02
-4.79706392246912472e-02,-1.62886273362643046e-02,6.03955765273648942e-02,8.75699477847721591e-02,-1.02207847888355935e-01,2.87080771266754985e-02,6.06768365680856320e-02,1.68649048144511662e-02,3.62065961157296626e-02,-1.04751871819900588e-01,-1.80916806893545688e-02,1.00671419957367045e-01,1.23144123792045049e-01,-4.26154121018612192e-02,-1.93893702556195147e-01,1.50388527473777150e-01,9.01918486958172283e-02,-6.76258389841505880e-02,1.97569719835348295e-01,-1.23872108199771902e-01,7.06581562274663094e-02,5.03750783680835673e-02,-1.87571952930524949e-01,2.16890952859476183e-02,-2.39214741597294327e-02,2.14038488848474817e-01,-1.82759871786337680e-02,7.30905720241066537e-03,4.17299153488941074e-02,-9.26152685471326315e-02,-1.59987376492645821e-02,-2.90900732456453280e-02,-1.49792100828743918e-01,-5.08069577378301215e-03,8.79384630430798259e-02,4.38870010293865714e-02,1.48332725926134001e-01,6.71262613155748644e-03,1.00338792020221751e-01,-2.71625606385167306e-01
1.09839693631472057e-01,1.31854292556757763e-01,-1.29301621889237939e-01,-2.57009296393787334e-01,-1.28505515684567334e-01,-2.05181063568369779e-02,-5.14425900389796006e-02,-7.86095084041648351e-02,-1.44009696602622639e-01,1.49805439565019904e-01,-7.10338002619076703e-02,1.90709775518595026e-01,2.99311537579940029e-02,-4.06502495883324169e-02,-4.02533541810021003e-02,-4.25356103318421247e-02,-2.29763573414228685e-02,4.97110012214752456e-02,1.57307546776940838e-01,-1.06702559684958384e-01,-1.46893891262648679e-01,1.23259971862205261e-01,-1.13248361247479689e-03,4.99369580701147925e-02,-6.86978665901525343e-02,3.47266566211323791e-01,-2.40644336182679330e-01,2.17824744788663836e-02,7.47820220169369970e-03,1.28354369199720209e-01,-7.87733847435958395e-02,-1.64309612833568597e-01,-2.09511738896268063e-02,-8.40692145697379684e-02,-3.42266610424009424e-02,2.32153071919101783e-01,-5.64629828232608710e-02,1.78865272504755396e-01,-2.26322450930499450e-02,5.49229532069466092e-02
-5.23418378021327235e-02,3.55566119865310115e-02,6.26328237129566284e-02,-1.88787021872293181e-01,-9.80608788060124319e-04,1.66950915861146548e-01,-3.43210374694886633e-01,1.72575352383935038e-01,1.67280021883720126e-01,1.52861419330220183e-01,2.48539484605440675e-01,9.65038993748063567e-02,-3.08061393885438739e-01,4.92039783819836971e-02,7.51713204344375274e-02,1.56980732562233882e-01,1.33400199148865861e-01,-7.02370613913259334e-02,-3.88510821752708013e-01,6.74273310668454945e-02,1.63289669033610418e-01,-1.12886084817333240e-01,2.89812342883300801e-02,-2.99005103408476504e-02,1.07893104255915542e-01,-1.00194447487487889e-01,-2.55172033503568874e-01,-7.90929870699214332e-02,6.10082811361082750e-02,-5.45353258043727446e-02,1.46170796914548567e-01,-5.07313650382896150e-02,-1.14768512164200344e-02,1.44807139254333472e-01,1.82290958553564364e-01,2.54648110565519725e-01,2.17963364679555627e-01,-1.50647665331405639e-01,-1.97104059423777768e-02,9.26837009507284065e-02
1.29858844130793863e-02,1.55505897405295752e-02,8.88742302394799344e-02,-1.83990977256298822e-02,1.96255190579597394e-01,-6.78709826287210299e-02,-1.45661597403190263e-01,-7.44483884745674070e-03,1.37328456548295258e-01,1.59241907507485757e-02,1.13997836646199585e-01,-3.25079187658772820e-02,8.00734043234771660e-03,-5.85156172354653753e-02,-4.66462147577785050e-02,-1.20145371818551980e-02,-1.41044507122704249e-01,-1.78610685245325168e-01,1.76677195303714368e-01,-7.43968851294395661e-02,-5.00064646270567247e-03,1.28775540716625780e-01,-1.07001444108647606e-01,-7.33878295483617327e-02,-2.60905216315360733e-01,-4.48468949275696895e-03,-2.59404144565827832e-01,1.62660104552933338e-01,2.14325162636510885e-01,-8.90387225324766746e-02,2.38324678904686615e-01,-2.71900211268415286e-02,1.43208703678918803e-01,2.05596350476753370e-01,2.27642954649456941e-01,6.54919637693323897e-02,9.71511601258585461e-02,9.42601146867796773e-03,1.36490681795183394e-01,-1.33208287887310123e-01
1.26547712253210681e-01,9.64988304496969679e-02,-1.03341457863792119e-01,1.59511770189694063e-02,-1.88364020190763676e-01,7.06361785268881798e-02,1.64819541524524292e-02,2.17072754877426187e-02,-4.25141822915908324e-02,-1.76192288176735712e-01,-1.54512121693120230e-01,2.20735270076187290e-01,1.69802019648120639e-01,5.90765578961601270e-02,1.77435581860470072e-02,-4.31717089626591638e-02,-1.75097503478715520e-02,-3.00878335347232531e-02,-1.87194946576040744e-01,7.39492715100687186e-03,-1.09416087639047199e-01,-5.15173452075879529e-02,-4.57636245876958184e-02,6.45323328182106776e-02,-8.72973379407453592e-02,2.28056399103999767e-02,1.25684856260974309e-01,4.69971983856189102e-01,5.44706375121130001e-02,-6.84085571904832507e-03,-7.83092816260794328e-02,1.53648368787374749e-02,-1.04212007134010048e-01,-4.50596662863562286e-02,-5.55092110025801125e-02,2.83537980387608725e-02,-1.47270480186411618e-01,-1.04105101249117010e-01,-7.72680330470108118e-02,-1.37409458310487509e-01
1.89316327506177967e-01,-2.17829490038402851e-01,-3.50585340382150931e-02,-3.37786446818997443e-01,-5.50495163259158080e-03,-2.60564801767058984e-01,5.27325752639336200e-03,-1.44637273778114361e-01,2.08260308401358729e-02,1.32400748388195478e-02,-7.73180640390676438e-02,3.68930420144644028e-02,2.28487162246432562e-01,-6.20562433191871390e-02,2.08095998347601591e-01,-1.32951523002030844e-03,-4.08017819032427259e-02,-1.90017755004961465e-02,-8.95510662236629132e-03,1.46497012188269937e-01,-5.22291728719221013e-02,1.14213044798521179e-01,-3.39736526192214783e-01,-1.81832099311348777e-01,1.72600952712819583e-01,-6.39138758671955048e-02,-2.53793065281112101e-03,-1.96153575697110075e-02,1.81965273351365753e-01,-2.03389166419144063e-01,-2.38507224795288769e-01,-7.29274057109592783e-02,-7.61857797622366578e-02,6.37245388882731745e-02,2.39755436462821603e-01,1.63445204656598626e-02,-4.67937244341370059e-02,2.70917533368918682e-02,1.71618168647290958e-01,3.22008420735117373e-01
-2.10760102117518527e-01,3.16273297202500636e-02,2.08189097483589547e-02,1.25171344322409811e-01,-1.69337745633098419e-01,-2.83686764494553989e-01,-5.02546256528485155e-02,1.36745679525371672e-01,-3.99087638735788688e-02,-1.28118285325681425e-01,-7.69787298794687071e-03,1.27906435220228515e-01,-1.63664494909919189e-01,4.48126994264010786e-02,-1.06576982709728263e-01,-1.75136591545764359e-01,-2.31366878943761844e-01,9.59082124904706429e-02,-2.17761507821699098e-02,1.35472566558349827e-01,7.06873159305971138e-02,-2.74743555552121634e-02,1.53956653808845489e-01,-1.31529625151700552e-01,-1.99776206235552700e-01,-1.94073646269062178e-01,-1.97254915054565466e-01,2.00110848133542539e-02,-8.83755177105716300e-02,-1.42265800582873619e-02,-1.45414403296519106e-04,-3.44474987164950907e-03,-7.93338719228528777e-02,-2.72323360568247248e-02,2.70486014942776000e-02,-1.23017953321135062e-01,8.33309723638547689e-02,-3.12948906974570285e-02,-2.90096856962140659e-01,3.49812871444666121e-02
-8.80426525733013152e-03,5.29762044183741260e-02,-8.54683760174322626e-02,-1.01281585356424370e-01,3.15371977678324256e-02,1.97988373620662989e-01,2.11043412650721074e-01,-7.28164125356140363e-02,1.87008587301931595e-01,7.97241957306003557e-02,2.05277891728723495e-02,-1.25334326036822319e-01,1.38872345671073177e-01,5.52183506849850264e-02,1.65982952256189031e-01,6.97120592815726192e-02,-3.44251882977846396e-02,4.35187612778950919e-03,2.22035346479217521e-01,-8.50129664915584143e-02,-5.11751148468554129e-02,-2.28422368928289904e-01,1.60601937630729136e-01,1.08791621427105398e-01,-2.17588022227856642e-01,-1.36452643148620156e-01,-6.98390640564058723e-02,1.03932956339960938e-02,-2.07935011192369151e-01,6.94752115609524046e-02,4.87776889366250271e-02,1.24526551416015742e-02,-1.34642780024404912e-01,1.19584425861614926e-01,-1.66111129465291218e-01,-8.78966323496210566e-02,4.75035130152357404e-02,1.99592235097094534e-01,-5.21086234429319131e-03,1.98737874036522100e-01
-1.67543997030724819e-02,1.89159010172292169e-01,1.11623364042741629e-02,2.26959604903064910e-02,-5.53412842759430437e-02,3.60713557236892080e-01,-1.66935943176998502e-01,4.15909503758080112e-02,-4.91647008097705826e-02,4.35009933556653600e-02,-2.47436274763326219e-01,-6.35137056150080065e-02,1.75124288741740561e-02,1.05045263252941501e-01,-1.14304160499659829e-01,8.78841746902280091e-02,-7.26549820701447996e-02,9.06234751631376789e-02,2.65389144048216938e-02,6.05640024430014537e-02,2.29346208483526270e-01,1.88379633382651873e-01,2.27674603946654702e-01,1.34720383647826542e-01,-3.09874989048163074e-01,-5.10814093749848014e-02,5.57391682303236338e-02,4.34144279809957291e-04,-4.78978449363236594e-02,1.59494506052648088e-01,1.31043996789873274e-01,1.73117772699361794e-01,8.96336782861505421e-02,-2.13343792943934490e-01,-1.07182416058926072e-03,1.25903469782300770e-01,-1.52336876201584370e-01,6.31024070022877664e-02,2.17460073548718970e-02,-1.01216170421295035e-01
-4.07890867643398158e-02,3.11913670362474138e-01,1.12930611735749930e-02,1.22138671219690825e-01,1.39578905184494839e-01,-4.16677659211025231e-02,-9.76516963174495489e-02,5.74899872111457252e-02,-5.45374195362265460e-03,9.03592658125544346e-02,4.20109173521888979e-02,-1.24953489574112912e-03,3.17185537705351045e-02,-4.35696850073539130e-02,-1.78710684840465067e-01,-1.02071265040139539e-01,1.18473532767886566e-01,-2.34758234960723254e-02,3.24707292138248921e-02,-2.01103181354518046e-02,-4.17077159078892493e-02,-1.56937615252730506e-01,-1.57058202241407217e-03,-8.50723895622457899e-02,-1.07356276104745799e-02,7.49265569272314635e-02,3.48549965762431524e-01,-7.32512750878542979e-02,-9.35591168691477099e-02,1.27120638437513089e-01,1.44078718226080177e-01,-1.70099248282406912e-01,1.59692543856330693e-01,-1.07232422468998140e-01,-4.47196174695564039e-02,-1.33096381314365325e-01,-1.54481489354860918e-01,-4.29753482452265856e-02,2.12918629224225879e-02,-1.32884226946484607e-01
-3.44055074788127066e-02,-3.76641998048855972e-03,1.82218439667836907e-01,-6.05408647479691517e-02,-2.41054268849190054e-03,1.62706812945535156e-02,-8.56293431691232260e-02,-1.97325771019760426e-01,-9.89857293047255726e-02,3.76354358805919068e-02,-2.80582136529674391e-02,-1.40483544039969488e-01,-5.19626310514268927e-02,2.01591755027155511e-02,-1.46942557682279096e-01,4.03419213322963599e-01,3.02065838280356880e-01,-2.19539769175478051e-02,-9.72752614567661267e-02,-9.94971763989936364e-02,-2.19868666036058744e-02,-1.40358548887782458e-01,8.27430474542886901e-02,-2.30571302933078592e-01,-1.17374726458461212e-01,-8.42517481202996188e-02,2.76838350394647381e-01,-9.15894038960758522e-02,1.70259105536484434e-01,1.55663944604138321e-01,-1.47088698193751071e-02,-2.52374412372701196e-01,-1.71513856252693803e-01,-8.56492820649615710e-02,6.89969089876787539e-02,5.74537927811804433e-02,-1.07851163926156624e-01,1.57983881867298337e-01,1.26379851319450592e-01,2.23145379099691753e-02
-1.25591974885286367e-01,1.38787717836781510e-01,3.45931794544339088e-02,-1.49635613426169406e-01,-2.44681733702879628e-02,1.32091901282892776e-01,-7.33381173526966024e-02,-9.65655980257095342e-02,1.44421307962913498e-01,-3.56692267623368309e-01,5.30614129767345843e-02,-3.95005177194285503e-02,4.82605406099628070e-02,1.12949829322335688e-01,-1.46363206237267417e-02,-2.46508568466951572e-02,-5.32072583556527229e-02,-3.84925258258711558e-02,2.13447279677424669e-02,2.73997755257928688e-01,-4.18623597804564582e-02,2.54992160663286893e-01,1.68670495018131139e-01,-1.03356526714959485e-01,1.33934977366706263e-02,1.37002203311244936e-01,-1.19671674004436443e-01,3.20068401689081808e-02,-7.48333014960021331e-02,1.14144282577673825e-01,-1.13294037058557409e-01,2.23999083184459491e-01,1.53873817375522165e-01,-2.19581151651152440e-01,3.85470227593478652e-03,-2.15306839340815952e-02,2.67618359327475054e-02,-9.05615946273634481e-02,4.33816471683473384e-02,2.34236974426140693e-01
3.54716725769541746e-03,2.60437405954476620e-01,4.04233719747207274e-02,4.09158486105506980e-02,-1.49414943602224959e-01,-2.48036477105458841e-01,2.64039016281915652e-02,9.38165970219622530e-02,6.28372379453722568e-02,-2.26358321037719266e-02,-1.83036187175413048e-02,1.98225604163574404e-01,-1.38024136012093623e-01,1.42617117360963497e-01,-1.43985665198380464e-01,-8.82497421114253194e-02,1.49159132436014058e-01,-1.51519760649597240e-01,2.78142089147372269e-03,6.65073353600706962e-02,-8.34981383642087981e-03,-1.73138503045446425e-03,-9.61906590991404020e-02,8.56864185194837341e-02,-1.79455321846535773e-02,-1.10313670339048125e-01,1.35385572131918930e-01,-6.23496980502292741e-02,1.14945033570592089e-01,-3.44178406523897751e-01,-1.07899026184507515e-01,3.65477304840036848e-02,-8.17666451702594027e-02,1.19746419620334069e-01,-2.08094472446993056e-01,-1.36060988313701670e-01,-1.39052351043470607e-01,3.69164983470615160e-01,-2.53468322865746443e-01,-1.82751598002704532e-02
-6.10461859590768902e-02,-1.68863334697862716e-01,-5.72546679256490318e-02,-9.16532844802761676e-02,-6.51197158255319986e-02,1.37156182324443487e-01,-1.77618127746342364e-01,-4.50032540299803371e-02,8.34436910940090058e-03,-4.60401657453160182e-02,1.23682373324294298e-01,1.81726927424456230e-01,3.28006501429584485e-01,-1.01081488142808318e-01,1.06669426732944439e-01,1.16629684987825444e-01,6.63488281068994653e-03,-9.02460686470923294e-04,-1.21185927553778619e-01,-4.86429528548773665e-02,-3.55844298367522308e-03,-1.21243896542768848e-01,5.92501598992334622e-02,1.13175362411915559e-02,1.33256353328432386e-01,-4.75443028616170868e-02,-1.65939826851158961e-01,-1.96614616543886976e-02,5.50412152949446010e-02,-2.33630017680567403e-01,7.37731164419233032e-02,2.98331279507201119e-01,1.80420191230199894e-01,-3.97854196128541934e-02,7.77578364514642101e-02,1.78226547630990717e-01,-5.63781834356726422e-02,-1.95182254606558026e-01,1.10344881742805490e-01,4.27713517226401066e-02
-2.99904780089987368e-03,-9.03421534478407035e-02,4.42261070304551321e-02,-8.79699318589587283e-03,-1.02154800917184721e-01,1.74048110406486350e-01,6.16973607084501108e-02,2.62183644470169674e-01,5.91404838892002366e-03,2.01448866754569272e-01,7.05575447617059620e-02,-9.87094308870151704e-02,8.49103268347803086e-02,1.23390730643297211e-01,9.40427784553955204e-02,-2.29536585065376469e-02,2.01237900059153541e-01,-1.49272707659297954e-01,2.28831875726417472e-01,-2.65922978697746504e-01,2.80194556625231017e-01,3.62647316784760032e-01,3.76881161360909187e-03,-7.80989806400491510e-02,-1.45082213405425320e-01,-7.45420087352698935e-02,1.74425772513636640e-01,-1.20148254537221916e-02,6.43019182843205528e-02,7.77208887370063883e-02,7.16918288920005420e-02,-7.75504405755352982e-02,1.85067309428932542e-01,5.99153220797631336e-02,-1.79811526336182553e-01,-2.30228132598565810e-01,3.73212496972259375e-02,1.71258753995187113e-01,-1.13631355743570375e-02,-9.63196274363634260e-03
2.47521556932549965e-02,-3.38016199860578653e-02,-2.05061367490220775e-01,1.01981545971225676e-02,1.76444843760338477e-01,-1.27494587088244349e-01,4.90625127202887132e-02,7.94381584814710974e-03,-4.51683385726911329e-02,3.95643514333803986e-02,-1.54691965619292281e-03,9.93310885439061958e-02,-4.10987160107704683e-02,6.27934835929677554e-02,8.39455004298396146e-02,7.04422056115930062e-02,4.59185726846904410e-02,-2.06802412520070006e-02,3.73760046974041180e-02,-4.59519246183183044e-02,-1.07901032423409187e-02,4.72241838194112432e-02,2.35327644961248854e-02,-2.31702685759016702e-01,-4.07326836574700007e-02,1.39778056273981710e-02,2.11172934279452829e-01,-2.36530580910978075e-02,-1.37167337634008263e-01,4.87667912480286223e-02,-3.37547807284934109e-01,2.04938872724278381e-01,2.39627823780533433e-01,-7.89560395706112444e-02,-7.03614940866420947e-03,9.30196146453303729e-02,2.89520118501954971e-02,-1.82875362377772022e-01,-7.00942929232872963e-02,-1.72171069378637298e-01
2.77807175878483081e-02,-1.37105977667391059e-02,1.16428447805531299e-01,-5.03846542922312055e-02,6.86213539265717459e-02,8.99789210284234614e-02,3.71639172614320112e-01,5.28132360642276713e-03,1.96901962852854856e-01,8.29629343531214022e-03,4.10923391909039787e-02,7.33866728109391648e-03,-2.66252246447200823e-02,-4.72841004869249404e-02,2.86352599771707433e-02,-1.94032575685929125e-02,1.22176700629288912e-01,2.63964805356819363e-02,-1.66901330514943269e-01,2.29073084158994772e-01,1.66755451330861060e-01,1.72802434411969602e-01,-1.09355250670075427e-01,-4.57850033972752452e-02,-1.27495105882832360e-01,2.21361405521632387e-01,2.77193058828430171e-02,-5.84480186388053741e-02,-5.17653133871584445e-02,1.17322285231249518e-01,-6.73803569893263454e-02,1.74324142253054010e-01,6.56981247947506786e-02,2.46139508138469743e-01,-9.85290328233582235e-04,-1.63083162026193690e-02,2.06815072991986953e-01,4.85994556269156441e-02,-1.11766613218337394e-02,-7.21584574568151227e-02
-2.90542033967945867e-01,1.04444248907112583e-01,-1.57567307318609795e-01,1.68229485145940771e-01,2.38319477806424457e-02,-1.56285255193252731e-01,2.24842549666301010e-02,-1.82842331748648945e-01,-1.40839204261081458e-01,4.84569780690412913e-02,-3.36188991650226143e-01,-1.52794589067974357e-01,-5.31004273087759340e-02,2.45299689115056931e-02,-1.06383313477765931e-02,1.48290990600670608e-01,-4.16878986672863730e-02,3.52313714744168435e-02,-1.19257218228877110e-01,3.22749621669408016e-01,6.39126409399607687e-02,2.05871580984770458e-01,1.80625277541726803e-01,1.94517910602174209e-02,1.97856353493600201e-01,8.70585314245050923e-02,1.66875205051333943e-02,8.16148640245016738e-02,2.54975148159166720e-01,-1.95065434462162318e-01,5.01892016382363831e-02,-1.37781040731075416e-01,-2.83033348014914664e-02,8.40130413789053065e-02,1.91647347845327359e-01,-8.68153410705095330e-02,2.57565785300654493e-01,-4.79453688147207374e-02,-5.05079269307444970e-02,-4.01436952914463289e-03
2.73638004012476344e-01,-6.06620344470118478e-02,-5.85542947555442173e-02,-4.23308024946765088e-02,2.37290372364677343e-01,-2.60115956722068109e-01,7.89616040782751272e-02,-1.64621398363100288e-02,-7.34586116182558840e-02,1.77990174487081126e-01,-6.39000781703606968e-02,7.34934406415305580e-02,-5.03516764227116762e-02,1.29228876022812300e-01,-4.49966737845227255e-02,-8.56982475282464379e-02,2.33214543927670798e-01,2.38360970322595650e-01,1.31552295817251641e-01,-2.80863530379926840e-01,-1.59573431624771590e-02,-9.50394852981243377e-02,3.48290251254262453e-02,-6.99781623542236192e-02,2.00165146425839539e-02,1.39573290690739260e-01,-1.45861791332938862e-01,3.44991109547513053e-02,3.10126224247433656e-02,-1.53553397680384368e-01,-7.87937848700386995e-02,1.39853591479352606e-02,-2.37291892706144897e-01,-1.38783882564453537e-01,-7.01439731222920776e-02,2.06477644449059305e-01,3.03635341852801610e-01,1.54791256774375718e-01,1.33338045610573386e-01,-6.19939309051230000e-02
8.08791606127799989e-02,-5.95452378802640639e-02,-1.29769514133467628e-01,2.03082978006567050e-01,1.51019856907060462e-01,-5.02565889249922751e-02,-9.06359117275848947e-02,9.27729214564911309e-02,-2.23594586432540793e-01,-2.15916258011194878e-01,8.56634294005351599e-02,2.85348904559702098e-02,2.36994192090328820e-01,2.53951598722150073e-03,-1.08887245387167944e-01,-2.02642894196243609e-02,1.44824807951487611e-01,1.52013402554141086e-01,-1.08711660389427825e-01,1.54266523781379866e-01,9.26308291518601751e-02,-3.83363514912939754e-02,1.58308194235481786e-02,-1.16288682773104446e-01,3.95970242736861239e-02,-1.03774200460624300e-01,5.95834699120677130e-02,-2.24116727206782357e-01,8.97007257908103428e-02,-1.31479218242783691e-01,-3.34302900548190743e-02,1.00823154897106346e-02,1.35342134991150109e-01,-2.36656404302951318e-01,-9.96349608972806750e-02,3.79908139642849280e-02,4.01543186575858899e-02,-2.27823374499111948e-02,1.07067663119824505e-01,8.52223413175915712e-02
2.08560073225854334e-02,4.60456835184682861e-02,-5.14172809567185578e-03,-1.22365133652273805e-01,-1.76009845546003019e-01,-1.00018525937510521e-02,1.19776020004113748e-01,-4.46773411987656868e-02,1.85927341996001139e-01,9.82962838466573258e-02,-6.43972871456577611e-02,-3.02079452804209392e-01,7.80825241235025003e-02,-1.13052862870267515e-01,1.02860344478833785e-01,-1.25976459428299940e-02,7.07089396885181992e-02,2.76907790133473330e-01,-4.41462990259748125e-02,6.61603392628938719e-02,-2.86769884040457501e-01,-6.35137581809631646e-02,-7.16904930523110800e-02,2.27368184483146496e-01,4.33754744898335251e-02,1.03626967723974631e-01,1.48757156619438224e-01,9.55762802058370414e-02,-7.28087709353620050e-02,-2.03507308372427448e-01,2.19925425671683661e-01,-1.75056323679993853e-01,1.50613077954837513e-02,1.94261122248623949e-02,-3.24379662436867430e-02,5.48201677059711664e-02,-6.37507635304606773e-02,2.05015229452686243e-01,1.50537272206162764e-02,-1.09852040490897637e-02
-7.59626084668823393e-02,6.53401091236261444e-02,-1.50715378860059007e-01,1.94110085583059394e-01,7.07290469339765249e-02,4.45894050485092855e-02,-1.39671874408223880e-02,9.26211543572171281e-02,-1.82705169069627776e-01,-2.07948036716491425e-01,6.49983317047900938e-02,-8.56096929862485007e-02,9.25927202162279001e-02,1.30082723136823480e-01,-1.50559093986325276e-01,-1.24950263818335988e-01,4.42069613077899423e-02,1.05893375775065635e-01,9.79471907105227968e-02,-2.01833013433153102e-01,-1.03772522888153913e-03,-9.75624767829668393e-02,1.63777776721198448e-01,-1.74191124199211095e-01,2.45969495473831040e-02,-2.29497863006722175e-01,1.16865592873419775e-02,-9.67576479453925303e-02,-1.85973574596562274e-01,-1.32658403598918923e-01,-1.07493355877724822e-01,-2.01482186452668355e-02,-2.33785593672311359e-01,6.82482697686633416e-02,-1.49502370713759936e-02,-2.32744875187156121e-02,1.58488391863565364e-01,-3.23507806088076319e-02,8.15003216516793777e-02,1.41539418246621945e-01
1.78244777485921969e-02,1.30300570771087094e-02,2.90409507425585689e-01,1.32749632868111977e-01,5.35037181502482431e-02,-4.19198440302284078e-02,-1.02668581105382142e-01,1.36870303776156138e-01,5.72457682898707201e-03,-5.17865432407739468e-02,1.99558078267795924e-01,8.35802730815957406e-02,-3.20674058986917143e-01,1.66855854286790013e-02,1.10068555669947138e-01,1.82697792051352031e-01,-4.26153862091796440e-02,8.70455652961359405e-02,-1.63931667768313721e-01,-4.03447791559656121e-04,-8.41429978736467077e-02,1.10950991515145425e-01,-1.51160653734032056e-02,-1.01838070609491918e-01,1.32558573827112364e-01,-1.02650749460071453e-01,-1.23890123475289313e-01,-1.65073030563457034e-02,-2.90837778994256502e-01,7.82907585050443833e-02,4.52611754386946646e-02,-1.43023467181162711e-01,-7.71203935557572828e-02,-3.00136831148376304e-01,-1.38039138155195990e-02,5.48613162484568109e-02,1.44846583397882589e-01,-3.78144327000844577e-02,-2.66778471719935073e-01,1.30358451288707766e-01
1.15209660971782743e-01,5.07357563020012711e-02,2.33091465326741056e-02,9.61623099310657120e-02,-1.00173038015231072e-01,2.40472263026461630e-02,-1.67359420169567480e-01,4.71622877201601440e-02,-9.38049821798571937e-02,-7.40873743576326710e-02,-1.57571096141632339e-01,-7.61078295990307574e-02,-2.62773168953639759e-02,1.87933242430054714e-01,1.33076075537564759e-01,-8.11518304944670310e-02,8.16742843801952084e-02,-9.58980918562844925e-02,-3.54687246230450726e-01,1.08752082352485888e-01,1.70485151687401804e-01,-1.73202660699171535e-01,9.51223969365445204e-02,-1.46353124175201105e-01,-1.77699032889389874e-01,-1.14965622361355657e-01,-7.90048417189561092e-02,-5.25510099014436238e-02,9.89284791953417286e-02,8.24772726547345625e-02,-2.09943055146164514e-01,4.28974600741898401e-02,3.27539058372860181e-02,-8.45432582953304463e-04,4.81616050951741911e-02,-6.40942362343898953e-02,1.10122355753089173e-02,1.70447144358482593e-02,1.34904552089142010e-01,2.43631854746702249e-03
1.09259687242125911e-01,1.62008818033504629e-02,7.21306135652895059e-02,1.98901425617688254e-01,-7.62684477101319147e-02,3.77844306374774883e-02,4.24709027229772974e-03,-1.67186757605585934e-01,1.59329759748238320e-01,-2.53257179529192238e-02,-6.18751110573476024e-02,1.30874845256043149e-01,2.03589668668084700e-01,-6.87657553218374018e-02,1.61674170491491465e-01,2.24203064674760089e-01,-5.21781027054043500e-02,-3.34961140822767102e-03,-9.51489550923265148e-02,-3.76089857264228916e-02,3.75577428441871489e-02,8.11133807277473508e-05,4.19716646895247972e-02,-6.68664526006733789e-02,3.98544342118095120e-03,1.06344868143433052e-01,1.85987955093319335e-01,1.01567159863083553e-01,-4.96966472840607854e-02,-2.76971810010045441e-03,1.10739662673035130e-01,-1.30211893972233345e-01,-1.73503801521221357e-01,9.81863148570395333e-02,-2.68803944762069022e-02,-2.06074747452148821e-01,4.38789928267911966e-02,1.51853676699158335e-01,9.02260635493181418e-02,2.23623367934317974e-01
3.34006886864580202e-02,-7.52564684165099584e-02,-7.85695563889406701e-02,-1.98833573144106796e-01,-1.30993263863742382e-01,-2.70348030047640221e-02,5.49001011339382821e-03,-6.77870884490435754e-02,-7.95148426878157684e-03,5.81472365739627434e-02,6.54463689376097169e-02,-4.78515902771405460e-02,1.02611532379452253e-01,3.32196176454475772e-02,-1.02170566657837011e-01,1.68398024997970991e-01,9.75911692050199786e-02,-8.98366125263809073e-02,-6.16714611489505363e-02,-8.42008140976875513e-02,2.18700048122916019e-01,2.46183023579085829e-02,2.77874734763686737e-01,6.24032609422136009e-02,4.10838091626523141e-02,1.02600789017212216e-01,2.70656885745653338e-02,1.70579790882751520e-01,3.82417215811227118e-02,6.90093874303120414e-02,-1.33414674449223475e-01,9.82396689277990724e-03,-2.11358173222312651e-01,9.75295893839325106e-02,-1.07839305806169378e-01,-9.59681710160848467e-02,-5.66812885945180908e-02,1.41720269909848179e-01,-4.31778157561742981e-02,1.36609097809163887e-01
1.39431470825395171e-01,2.93559685914530112e-02,8.20739802698838145e-02,2.97408973588977089e-02,1.19185771912490635e-01,-6.38425466231263145e-02,-1.28041798010667007e-01,-2.32571814785130393e-01,1.90162115133749060e-01,1.48631613208707630e-01,-1.97259304055122264e-01,5.30510299542125766e-02,-1.84130425830537521e-02,1.44888375019914615e-02,1.31604251142774298e-01,5.25998675043038363e-02,1.88005859891184263e-01,-1.36582744143813634e-01,1.77883078814752044e-01,1.55308595078596234e-01,8.47388639033547358e-02,-9.74429974587754238e-02,-8.99042166150843952e-02,2.43464825453560935e-01,9.30187703440573249e-02,-9.05754659985791161e-02,4.59133964218765619e-03,8.13368833568038282e-03,-1.81362190167462772e-01,2.10169909195882521e-02,2.75401486842307086e-01,1.28093101490787065e-01,1.20207615249085992e-01,3.76406578431206229e-02,-1.97983678868266927e-01,-2.99523559073464792e-02,-1.28096882079611063e-01,9.42596663729321355e-02,-1.29940729889341400e-02,-8.68510987413747410e-02
-3.28806944899224449e-02,1.40136334285771713e-01,-1.78258489581028245e-01,8.24545683190012757e-02,-2.13711861329042158e-01,2.24775660086704195e-02,1.22920167611115155e-01,-1.45948853019289809e-01,-1.21490621968821780e-01,8.30113443217090213e-02,1.79245827284523929e-01,-1.05439202082677166e-01,6.26829840004659022e-02,6.69275806886488189e-02,1.86610653331600540e-01,1.25530217391625926e-01,-1.69101532916233172e-01,-1.74049217270645429e-01,-1.55213674366003918e-01,1.48037162055013501e-02,-2.06485107921227956e-01,1.14379013346209507e-01,1.65346593018529525e-01,-3.26926468896693440e-02,7.01892116735715055e-02,-1.34116747531888542e-01,-2.97782799104344548e-02,-7.58784405051304844e-02,-3.32938892875486100e-02,8.98241752034559804e-02,-4.22561820107601807e-02,1.00182723894898920e-01,-4.15096445455555227e-02,-1.49868233276448160e-01,-2.94422143028127831e-02,-7.53876323998754483e-02,1.48767025239586154e-01,-4.17970392797640325e-02,-1.92571357757956502e-01,-9.71451632366427120e-02
2.91191751655362707e-01,-5.04769094215444664e-02,-2.11541086359162606e-01,1.74691928917408035e-01,1.96562971682931777e-02,1.09112215619264943e-01,-1.61193170299019889e-01,1.05258181791613947e-01,-3.23843221109871071e-01,-4.35178841806050168e-02,-3.07505208407541225e-02,-1.25926187211543389e-01,-3.36168107247610849e-03,3.54523504043462667e-01,7.39856819266786342e-02,-1.50880649578645942e-01,-1.69268815960449792e-01,-2.09708549122864588e-02,-1.73646994407688493e-01,-9.19063261434425738e-02,1.18317063907215081e-01,-5.14412988471225768e-02,7.52580861952749924e-02,-3.35937121763963190e-02,1.02906085186291019e-01,2.12472123596864404e-01,7.95016840487272752e-02,-1.56634691985663627e-01,-2.38810638791708656e-02,6.46968339269059362e-02,-2.25880183056959907e-02,-8.81305661007205504e-02,1.68177408239346925e-02,2.48196060776179589e-01,-1.87990434685602614e-01,-1.78321212038394850e-01,-2.82768311387998905e-01,-1.46308204251027807e-01,-1.02394287982442572e-01,-6.26353920922061019e-02
-2.31208118036859228e-01,-3.97966138582610540e-02,-4.29299738127547972e-02,-4.87657207146433500e-02,5.68178881389998225e-02,-4.95939533040997138e-02,6.27407312515075588e-03,-8.36280639636246131e-02,9.18140722219046856e-02,-1.07525829236832904e-01,-2.38377409388407957e-01,1.30108870603901101e-02,-7.15277019011248266e-02,1.72785657230637539e-02,-1.49846410439659183e-01,-1.19730863330172271e-01,-3.40746842982960485e-02,-1.61687134120621440e-01,-6.60912684229665315e-02,-3.87242533391270530e-02,-3.89936781775891694e-02,1.40395452273362475e-01,7.01714337950110345e-02,2.75386912719682297e-01,-3.31021351439397954e-02,1.00909254837759366e-01,2.46402871318901727e-02,-8.50795959508006128e-02,-1.74386364947992201e-01,2.32974075867028139e-02,-1.73149322913538406e-01,-8.62053979571707901e-02,-2.03750081322678217e-01,-1.79406110544735958e-01,5.80393383425427886e-02,-1.82202284145618287e-01,-7.57103212537469927e-02,-2.09973733923496581e-01,1.87971311396197722e-02,2.74565112193136916e-02
1.02027508108821149e-01,-2.34245098058317058e-01,1.42318869423242678e-01,2.19514193828442200e-01,1.31494845073058586e-01,7.46454965258735448e-02,-1.38279153777473601e-01,-6.28879803314485036e-02,1.00755144162454471e-01,-1.04229734731512647e-01,3.15081897731373725e-02,2.68023732074569206e-02,-1.17140026596191230e-01,-3.11964212819609288e-01,-1.09278289004419195e-02,-4.78020358844256296e-02,3.05436169294147734e-02,-1.49360371577183459e-01,8.62863780331720176e-02,-1.71938006996727705e-01,1.58804039397276664e-01,-2.39946389487048287e-02,9.29783824889307033e-03,1.03344081332531326e-01,-8.34284034472616148e-02,-1.64241382766591199e-01,-3.46418815008237152e-02,2.04338311171992720e-01,1.75638688204540261e-01,8.47535020554962409e-02,2.96504171544629651e-02,-1.71003074459818605e-01,-6.93637543138380247e-02,1.65689065319713502e-01,7.02317571481847758e-02,4.22765551556923552e-02,-6.04767174992162995e-02,-3.42485941198814245e-02,-2.19627465998370915e-02,5.61523135177040625e-02
-2.01877972694825769e-01,-2.09945659814251506e-01,-3.04374304382915399e-02,-3.77935493404908326e-02,-7.46154493249931022e-02,1.95450808512583035e-01,-3.78001912197443914e-03,-1.45707725899133889e-01,-2.30941670546102484e-01,-1.16518079085900422e-01,-2.08937206021887006e-01,1.21225995587005794e-01,3.00078105011609801e-02,-6.91269821464151890e-02,-5.32118693176632067e-03,-2.33416352407534777e-01,-1.85102515634085724e-01,1.66546825114098740e-01,-7.60361230854531972e-02,-3.04517405149216693e-02,-8.73626425470068052e-02,-2.40822357839921120e-01,-9.44295090994200920e-02,-5.02396498441075867e-02,2.11054216487255281e-01,-1.70565046391224412e-01,-7.99018169495783609e-02,7.64061450955292459e-02,1.21978728424834551e-01,1.18036419317461783e-01,-2.48038843948085563e-01,1.41517136396992232e-01,8.91329716051113274e-02,-9.60459524741206494e-02,-9.57501133940483543e-03,-7.43568109110911146e-02,-1.17388939687755461e-01,-2.24372863789064514e-01,1.70720236877712539e-01,1.93924515282897197e-01
1.78205791783497047e-01,1.06289184712238735e-01,2.33331103340151114e-01,8.58869862601085131e-03,-3.41470902683855757e-02,-6.79236007116735142e-03,-1.34991552712827589e-01,1.40927508140205576e-01,5.93994700204689835e-02,2.20097564351785374e-01,6.35363175341442099e-02,-1.75305642544460703e-02,2.54812347176252875e-02,1.54262643549328532e-01,-2.71729968572280364e-02,8.99048462144267091e-02,6.87631458248560701e-02,3.14099425980847863e-02,-1.13411146097811374e-01,-4.82439558539833526e-03,1.57121332565718745e-02,-9.10013007037904081e-02,1.43892265914198236e-01,-6.89619678450965543e-03,-2.15068836075537034e-01,-5.35649235393388726e-02,9.22780957690516775e-03,-3.22626187928476893e-03,-5.23508662094216148e-02,3.41647479957868511e-02,1.58985962505284156e-01,5.81853070630204486e-02,8.83332709310848535e-02,-1.95552784355200078e-02,-3.33919342545350606e-01,1.14238423318411511e-01,-2.67069767091519139e-01,1.27103880849673057e-01,-8.25515571633588796e-02,-5.40971285885484474e-02
1.12525557445324279e-02,3.79653417484226430e-02,-1.27314226148055765e-01,-1.13655058719863700e-01,-1.88363928005843867e-01,-5.04352996336930107e-02,-9.67649266426273552e-02,5.49403557040546719e-02,2.71120760607551137e-01,-3.37215563492970910e-02,7.75392243880066723e-02,-2.06507511129647783e-02,-1.25304333508112736e-01,1.40109090439306611e-01,1.31457325768707889e-01,-2.38387118084000649e-01,-2.21046930723951068e-01,-1.77354914175698285e-02,9.28577494424663412e-03,-1.52097690617107578e-02,-6.61467420511782644e-02,-2.03177901167551272e-01,5.92188423331120734e-02,1.36348829754254830e-01,3.72534796946150729e-02,1.75185919610686081e-01,-1.37369263803228839e-03,-9.25251624936395678e-02,5.48469679985230732e-02,5.10320944745828939e-02,1.04183305330705217e-01,-2.43131507503618699e-01,-1.16615778399992188e-02,1.16241406986760970e-01,4.10402344084232137e-02,-7.09833352937745965e-02,1.70790301345386114e-02,-1.72375754693535388e-01,-7.68090008588968448e-02,1.52204900246333652e-01
-6.50337938894962747e-02,1.52087202476798244e-01,2.96487822519499566e-01,-4.28141910668286066e-02,-1.83997585461647996e-02,1.92569768554993553e-01,-1.33022802894980224e-01,1.11628688212848604e-01,-4.90781298354932283e-02,-1.01381040937035552e-01,-2.94110983759880620e-03,1.38847512438857977e-02,1.70430232266724907e-01,-2.24322465962056072e-01,-1.40788852145613569e-01,2.57215016564512067e-02,-1.31521962096799977e-01,-6.10176904358966654e-02,-2.01426193799567124e-02,6.78817402281647279e-03,1.14330882252149449e-01,-5.83868556150657428e-02,5.26370079243940400e-02,-7.62591202643924104e-02,3.40347316445191728e-01,-1.48910054659846941e-01,-5.12575031941507747e-02,7.54320669162344415e-02,-1.75080157968540290e-01,-2.56377905796215722e-01,-1.35340513777730070e-01,1.73786472481937043e-01,-6.98785488070292476e-02,-1.16849576597129551e-01,2.36928107423036612e-02,-6.50685943277752032e-02,-1.31256723142934961e-01,-1.05111037267966917e-01,1.09410548169863925e-01,-1.00027217540155616e-01
1.79270850689101126e-02,-4.30276998763938420e-02,-9.10278436111127374e-03,-1.39389688345071920e-02,-5.78317304490096259e-02,1.03735818267357380e-01,1.95517982678789608e-02,3.51733183915154402e-02,-1.93675465439063152e-02,1.90716453886717763e-01,-8.74244890960229337e-02,-9.53194100785023507e-02,7.82815398560175874e-02,-2.41688077745501134e-01,1.18694164332068142e-01,3.91127186774170299e-02,-3.99821913292638595e-02,2.06589730682423783e-01,-3.71713848864297577e-02,-9.99743294944631516e-02,1.26417024918009768e-01,1.91051430367791125e-02,-9.27096578631490253e-02,-2.02445106532619712e-01,1.64659313955904857e-01,5.45013443574466905e-02,-9.23123111562973026e-02,2.23439492713723292e-02,-1.97805820260505943e-01,-1.02590990388357811e-01,-1.23655433616122495e-01,1.32204403279040233e-01,1.15793777320850472e-01,-6.85976420999686726e-02,-5.22114223614496414e-02,-1.32328325605288705e-01,1.89494101818960189e-02,1.11504013501398491e-01,9.09400156944006055e-02,-2.19898886503968952e-02
4.19725375990953053e-02,1.35195409853149096e-01,-2.34890997779841376e-01,9.06223676598637007e-02,8.23280067267880555e-02,-5.06382837116289078e-02,3.50528230673837038e-01,-2.40984638614713337e-01,-9.01759740916386054e-02,-5.44105783140454713e-02,-8.02203494424431757e-02,-9.23253601934477114e-02,1.11591128127070699e-01,1.07259637856583295e-01,-2.73495649601613378e-01,6.18815830720655172e-02,-3.95374464752393656e-02,-1.50984672496215722e-01,-4.49584852232129892e-02,3.56201991765135381e-02,4.97608013833773996e-02,-9.34705767680727023e-02,-2.30992919146524554e-02,-3.33889236522797103e-02,-5.34046876332424300e-02,-1.22315521796217186e-01,1.79584346281480428e-01,-2.94374868267254543e-02,4.41650655846173579e-02,-2.46646039581529877e-02,-4.84384779691408255e-03,2.40169947939479045e-01,-2.43428943832704400e-02,6.63854953631276418e-02,2.79586032594808132e-01,3.23215555087806722e-02,-9.46113279288880865e-02,9.57625492900731623e-02,-7.40394724325495190e-02,1.44162110308857339e-01
-3.06270405386799560e-01,-1.43091309680877798e-01,-1.19391895864844038e-02,-2.35298567365142014e-01,-7.89490627016586344e-02,-6.13545595076087427e-02,2.48882424831102400e-01,8.78211854279688925e-02,-2.15756257834338050e-01,1.77150558956133158e-01,-2.91588945400288180e-02,-1.41437257981931325e-01,-3.07010965166948750e-02,-2.47619304252891692e-01,-6.64993822483572333e-02,2.34402284430098272e-02,2.01356838272878820e-02,-1.19036218473903249e-01,-1.04546684060702263e-02,-1.07337164570044760e-01,-7.85944017369651360e-02,1.19814983419093787e-01,2.40605488236482548e-02,4.46295002493306073e-02,6.90037779002615204e-02,-1.53270328437201925e-01,7.65525802264462735e-02,2.36488294517451736e-01,6.80492931146106095e-02,1.76504748067910749e-01,1.32178465911578058e-01,2.24578807392366783e-02,-7.90757155335455875e-02,-1.47190313033151804e-01,8.36635721136421012e-02,-2.37609326761023670e-01,-9.60626827433054553e-03,-1.04358487602006195e-01,6.97011998345151707e-02,7.34189047247017917e-02
-5.52206992724139853e-02,-2.72750945970349379e-01,-1.26672862946485915e-01,-1.54960377796438786e-01,-1.29287056796433764e-01,-1.42018967209926406e-01,3.52700236989984817e-02,-9.95972331184952625e-02,4.51164260369800590e-02,4.06047606398016528e-02,7.87061036717703333e-02,-3.69427459436997285e-02,-1.14904969608265919e-01,-1.58627284507883437e-01,-2.53935726773488135e-01,-1.01132469783557735e-01,-3.85149635998908030e-02,-1.08372407874051904e-01,-5.11156898909267202e-02,2.04234696584278730e-01,-7.47649750716083555e-02,1.27893703054427765e-01,-6.96382621563973736e-02,1.13445800882016140e-01,-8.73229619944632801e-03,1.77532999982729311e-01,1.08502460773176726e-01,7.86540255226012008e-02,-9.48219414298401841e-02,-7.06253720531913182e-02,-1.12994279652667368e-01,1.04904523919890544e-03,1.22634960543129820e-01,1.61128888227669409e-01,-7.67810859788500139e-02,2.43204929557226363e-01,3.78030332455709175e-03,4.45119281955314861e-02,7.45088853997982609e-02,1.24142067692357361e-01
1.86641916595564118e-03,-6.48021432250361473e-03,-2.57413262032394523e-03,5.27680938058810167e-02,7.37066166004047008e-02,1.60776794606862200e-01,-1.23268483222591888e-01,3.43149398871895259e-02,5.02847224450719416e-02,-1.26239699159175871e-02,1.14820518402655100e-01,-2.94120224447437628e-01,-5.45541999872875341e-02,3.47187357403378333e-02,2.51024014901693571e-01,5.46401776164405079e-02,2.25629360012755825e-01,-1.59662646346597492e-01,-3.14036476780618287e-02,-5.47439080113287097e-02,-3.20942531062310341e-02,-1.20305987292480335e-01,-1.53993122380558040e-01,1.05575249867828250e-01,1.78320833255082890e-02,-9.14259572226090861e-02,-1.04837047586169463e-01,-6.12778309408570782e-02,3.16492340708464798e-02,-1.90004618596013697e-01,1.44825266754829707e-01,1.47585186329213386e-01,-1.20940868439908776e-02,1.92060298364409604e-01,1.01582245955576418e-02,-9.60349946933729964e-02,-9.44947064062151565e-02,1.93991497680122860e-01,-3.19417553336367899e-01,-3.03377741533674194e-01
6.41245086452746776e-02,-7.79949802220176180e-02,3.05157283846529022e-02,-2.70110084545477303e-01,1.94369300576161530e-02,1.23213698357937385e-01,-3.40189064142314319e-03,-8.69826328557693484e-03,4.51245679894200502e-02,4.33321486167599721e-03,1.32001855993966161e-01,9.39113374208280782e-02,3.89905519417703197e-02,4.79326863037321596e-02,1.13546849029509733e-01,-1.76630069564751524e-01,3.03175996813192968e-02,-7.26927370892096053e-02,1.93573781590566568e-01,1.44845246191516897e-01,1.48870607397633553e-01,-6.67927781200758214e-02,4.14109986257987644e-02,1.35243031386895474e-01,-2.18150122644775513e-01,-2.29423484726618138e-02,-1.76264912926163614e-01,-2.31858586957318147e-01,1.18266856470602241e-01,-1.05582621918618620e-02,1.38146334063331294e-01,-1.32376032729841803e-01,3.66233883243333586e-02,9.14144327515643146e-02,-3.19632105613901762e-01,-1.25191247294003299e-01,-1.46422177795245689e-01,-2.30059059184700015e-01,-1.07438868339263527e-02,-7.89630400812755540e-02
1.95878704467654152e-01,3.00182451665538148e-02,1.95654923341251286e-01,-1.07387238647128486e-01,-7.30474281402314005e-03,-3.36728596140111955e-02,2.21281005952670522e-02,1.66135744753986264e-01,1.34242312050014533e-02,-2.50498128691443278e-01,5.25396958622920754e-02,-1.49491006170974855e-01,5.32810843145672605e-02,1.49285659896481321e-01,-1.95029934198869853e-01,-1.33679496972929274e-01,-7.24923396482526211e-03,4.73473070021393494e-02,1.25587059765755946e-02,-2.32416340766994980e-02,-2.86009426616046059e-01,-1.62904208201463431e-02,1.09958947088788367e-01,6.99147277583159373e-03,-2.21263573179329653e-01,-1.27798645795374949e-01,-5.77830557013773102e-02,1.53443724405901843e-01,8.20937581703462121e-02,-1.53072544315215331e-01,1.71638087010829193e-01,-1.22498232263771864e-01,-6.66115438914939850e-02,-1.46961229611457883e-01,8.31754521609815445e-02,-9.95129742157232211e-02,-9.20019538843236118e-02,1.80496875427553355e-01,1.25259740267257114e-01,8.79423478906914274e-02
-1.60027028874941385e-01,2.49291177090421624e-02,3.33343268270572170e-03,1.11494390891341680e-01,1.44019249043509157e-01,-8.50804835398953907e-02,1.01388042712217671e-01,-3.00368201352155306e-01,-1.01576190754043533e-01,3.16376119064323627e-02,-1.63999827156488920e-01,1.05124311493500433e-01,-5.47400923653306032e-02,-4.57058069097272604e-02,-4.57064724875212922e-02,-1.03188976085863665e-01,9.52392078299285072e-02,-1.78143667558251312e-01,-7.40883229425597645e-02,-1.93330813987069972e-01,-7.62031507535794184e-02,-3.68933646343282615e-02,-2.04262784910932971e-01,-1.93883184995809088e-01,-9.48177442140208798e-02,-7.31568435043447457e-02,2.43107457089631156e-02,-7.13365687072085586e-02,8.73666734251267590e-02,-3.11190785370666113e-02,-3.72345169052683972e-02,-9.29733938092845297e-02,3.99121272901345955e-02,-7.37404603797988112e-02,-7.13433567691996728e-02,-6.99430952355046681e-02,1.81452738179139830e-02,-9.71474531862308172e-02,-1.51100954043673769e-01,-1.22363159441015792e-01
9.40265681914177059e-03,1.22127781450557624e-01,1.81277855951602562e-01,8.34789185855400011e-03,1.78385306521309406e-01,1.39032485554199225e-01,1.34716095624436621e-01,-8.02190875088965027e-02,4.18649988325703742e-02,7.56713509035837895e-02,-2.84151182201593189e-01,2.49403772330238471e-01,-1.04981463681616677e-01,-1.93286336096036876e-01,-1.12393281043637203e-01,6.64959017333362629e-02,-1.39262296985187023e-01,1.77575043464046178e-01,-3.26911394386092541e-02,-3.95305352857471121e-02,-1.01127583470686455e-01,-9.40218577175916670e-02,-1.27907230848318565e-01,1.55592087524832168e-01,9.58472047612946854e-02,5.89157102506148236e-02,-1.73226114969102951e-01,9.32497782923423502e-02,-8.57305606024148376e-02,-6.45607711398751560e-02,1.15973816317355538e-01,-1.21647260364834434e-01,-5.09930336161363157e-02,-1.66704980793911384e-02,4.21457785488666484e-02,7.46210762152461071e-02,1.49582138754861621e-01,3.47430538620899232e-02,1.33338860225831801e-01,-2.58645812027648969e-01
