9.90845130192803958e-02,2.31120078732585416e-01,4.70370718515333158e-02,-2.38425163258120326e-01,-1.14898130631531897e-01,-8.45953345880828267e-02,-2.18257615382332598e-01,-2.92389491293930714e-01,1.75303835341964864e-01,-2.56846933400710742e-01,2.87126186665251533e-03,-8.51651720718121230e-02,-8.32565963402408515e-02,-1.89903528167056274e-01,1.04317544232378281e-01,4.16363048614400155e-02,-1.21332997661380226e-01,-2.34087263298193127e-01,1.10722862173634230e-02,-5.58052654506787718e-02,1.86069894906121303e-01,-1.28459650069161407e-01,8.42439222258321574e-02,1.24845029177152761e-01,-3.31296664664534821e-02,-2.19371346406455031e-01,3.92820576404964220e-02,-1.99730270253124786e-02,-2.26487695193206828e-01,-2.32868782507120675e-01,8.17783746944059503e-02,-1.35401724649706179e-01,-1.66033477562773590e-01,-2.36191988717129070e-01,3.94267517128658596e-02,4.59489918574463099e-02,1.94658341433672805e-01,1.37617138122185928e-01,-2.59806229104803414e-03,-8.78922040924546705e-02
-7.83680807108783628e-02,-3.38812737925335561e-02,-2.99547216915192371e-01,-2.45946212079898613e-01,-2.64360971333988781e-01,-1.72789453466537513e-01,7.22647769755156710e-02,5.41020376285712267e-03,-3.49402536607901423e-02,4.97603618524172855e-02,-2.27649125729764118e-01,5.79429072421708199e-02,1.20606753104767636e-01,2.82011478572607756e-02,-1.56916968549537045e-01,-2.32593945610348241e-01,-1.03693470526732015e-01,9.26559075998715093e-02,-2.84568789447933457e-01,-1.74485521239719443e-01,1.81032005942957262e-03,-3.26646974179620325e-02,-6.90656437425453545e-02,1.06210227533884455e-01,-3.81346212701601864e-02,1.19053399010363728e-01,-4.39135571515890180e-02,-7.07208132057192407e-02,-1.44141645494515625e-03,4.31677779808127826e-02,2.70363378681496430e-02,-2.51365678406064615e-02,2.07161043790805410e-01,-1.98409588368609002e-01,-2.01614785186598582e-02,-5.05448686092062546e-02,1.26653388640787207e-01,2.13762555074830767e-02,-7.87311764733093604e-03,-5.54856584129267000e-02
1.64206636048360138e-01,-8.05359212751737301e-04,-9.37032676693963368e-02,-8.44850297469689482e-02,-2.63917460482576312e-02,1.30885487133308609e-01,-2.27633773113315591e-01,-8.27776666687238954e-02,6.63753405589723872e-02,4.23576306536439171e-02,-6.96257045584875167e-02,1.21182467237388361e-01,-1.16280797134385966e-01,-3.68307941781838982e-02,-1.06869781594264843e-01,4.73541147650143115e-02,2.02977624316451749e-01,-2.06275570151864290e-01,8.18887820323951042e-03,1.64083506056499462e-01,1.14643633554866189e-01,-2.42312583934833278e-02,7.72596156087913405e-02,3.49216788247203869e-02,4.16350782486517301e-02,-2.79159917163682714e-02,9.04370714048494395e-02,2.18092118805732621e-01,-1.57698557789469007e-01,7.62163167997467576e-03,1.80447471843115971e-02,2.52040138952461107e-02,-1.43544839878265718e-01,-5.37845026622720684e-03,1.39945382480412550e-01,-1.08181233195318305e-01,5.85627870049169608e-02,5.86023801909303851e-02,-8.41250394165898585e-02,-1.90444464817617592e-01
8.19978563712017161e-02,-1.88654270559147630e-02,5.36506981656599755e-02,2.04072635554842036e-01,1.43410421954694833e-01,-2.34543347359307874e-01,1.01798681774772679e-01,5.89386745405312690e-02,4.07357863763717631e-02,-7.31400405662088055e-02,2.83350106226636193e-02,-2.10379057078156906e-02,-5.47164875343268756e-02,-1.65406840216682449e-01,2.62096215383371203e-02,-5.74197370115347508e-02,-3.26481414129973918e-02,8.47222216828807800e-02,3.80452970738646423e-02,-1.05280539419070368e-01,-3.42449412891778840e-02,1.08434579749378035e-01,1.93684299492261985e-01,1.32372776979572115e-01,-3.63834720115811250e-02,1.21984975290411662e-01,-1.80702708412415758e-01,1.51719919298324457e-01,-6.99136490386615267e-02,-5.46596145137305187e-02,-2.38339897586412774e-01,-3.22054889514202858e-01,5.33861458914832027e-02,6.81103516255074370e-02,6.35183548135817705e-02,-3.06561528751489150e-03,-6.50677461890933340e-02,3.61925895301975706e-03,-3.48221639343762254e-02,9.64738924059122677e-02
8.58209037130205632e-02,-1.57031672229210606e-01,2.66450891195997130e-01,2.41688545584265835e-01,3.10212030118617345e-02,-9.71376698577228886e-03,2.52778170066475572e-01,1.76562528261509755e-01,-7.42617356118330154e-03,5.28141690747770884e-02,1.24707350300833603e-01,-1.07445213058935687e-01,1.07895209276200346e-01,-1.90845067204571145e-01,2.51740805422985492e-01,-5.35742424742161466e-02,1.23075667191418950e-01,-1.56669171795700640e-01,2.57211255908458669e-01,9.51947020053001830e-02,1.20602565001927398e-01,2.65061412072735647e-01,-4.06634781347987601e-03,-6.59246602647301366e-02,-2.09914204019156607e-02,8.17779397156320476e-02,3.88112218177998625e-02,-1.02833775207182843e-01,-2.00773328559613815e-02,-1.33919979414064944e-01,-6.56464563192857425e-02,1.47811062225377987e-01,-1.11225185105507593e-01,2.05530744526487286e-02,-1.25938732676770596e-02,1.75167932093452244e-02,1.23729964055649330e-01,-4.06177895781629911e-02,9.76485412590652295e-03,2.41163732017310756e-01
-1.52686489939818981e-01,1.81843640244758603e-01,3.64774210973812865e-02,4.19249615735588395e-03,1.17631535963290818e-01,8.90735530653790075e-02,-2.50830239157016598e-02,4.19366550086622200e-02,7.46068936533547805e-02,-7.51500778194904434e-03,1.38802487005713737e-01,1.19683440575653766e-02,7.99659476776115596e-02,-7.80119733061639120e-02,2.81335898486755331e-01,2.36455277788245932e-01,-1.83811172666039808e-02,-5.04329336729151395e-02,8.76388438459684560e-02,2.10346322101170768e-01,3.94841388701440837e-02,-1.21784657683073602e-01,-5.73005530855279013e-02,-1.53158213426735329e-01,-1.94879930356454956e-01,-2.80593789557411655e-01,-3.94483202762515583e-02,4.66404691731829024e-02,-1.25961880362494921e-01,1.46751593414957499e-01,4.63407144546674268e-02,1.05165773685670580e-01,2.42781642247355094e-02,3.29631889211715823e-01,1.53002959665357957e-01,-3.10399848523003730e-01,-9.57417088618061352e-02,-1.95403476340538368e-01,4.87814911968542583e-02,1.76941314688657952e-01
-5.88357779780950760e-02,-1.26277341248834080e-01,-3.49983495676377931e-01,-7.34246707879711163e-02,-5.93324537966396712e-02,4.04642926156234053e-02,-8.02941877388460845e-02,-1.08589762923410223e-02,-5.55733328090342316e-02,1.92421032380455659e-02,-9.91880558503854121e-02,1.31047072147784827e-01,2.61867998140901503e-01,4.77859484955033276e-02,1.70836495489961299e-01,5.70407856922000300e-02,7.73633451172955761e-02,-4.11240565477081876e-01,-9.44761144680308640e-02,-7.56556269618516158e-02,-5.43397439714865538e-02,-1.44664373900899063e-01,2.40134446745517122e-01,-1.48507857364816531e-01,6.35626376563084294e-02,-3.93521810484531373e-02,-9.33968130506364486e-02,-2.46080137142876409e-01,-6.30256474935645683e-02,6.47772682630796265e-02,2.57610481121874124e-01,-8.03122404609749874e-02,3.37433183537003550e-02,-7.23595952287306877e-03,-9.08164248689744859e-03,4.62276282196802044e-02,-1.15546323270006190e-01,1.17422422245694550e-02,-1.33143906871158402e-01,-9.86725522689940737e-02
-1.56949616123504970e-01,-2.37756882833336819e-01,-5.72381979136012339e-02,1.36015458401621790e-02,2.46814103181110835e-02,6.95143035080321436e-02,1.46816487499969645e-01,9.52874956195289557e-02,6.86877192241319295e-02,-4.74346364297491135e-02,1.83937092569702837e-01,-2.16559257459668447e-01,2.53197860473175829e-01,2.58449435070793376e-01,1.61394917906638985e-01,-3.17146696361309044e-01,-1.22276234285551885e-01,-4.78934360793848643e-02,2.00450868563787753e-03,-7.62230788252694913e-02,-1.13790203559557768e-01,6.87696590101892404e-03,-6.42218174052523877e-02,3.14876725312160100e-01,-1.67449779147101269e-01,-6.72884452371817071e-02,-5.70282462389880493e-02,2.87268868924964116e-01,-1.85392519576321468e-01,-7.32068651119234526e-02,9.55340131744217974e-02,-8.74579627400228488e-02,1.23190921146255818e-02,-3.18073975498272682e-02,-2.22868990002928924e-01,-4.98580480206332680e-02,-3.58066869647927499e-02,-3.96648398068880984e-02,-3.98851192857562209e-02,-3.07148237391495632e-02
-2.25511248608209147e-01,-1.76534200999770019e-01,4.69455654135348746e-02,1.61963275880859445e-02,-1.15164339240107896e-01,1.11055111324357317e-01,4.79918572508020724e-02,-1.75577996099309935e-01,-7.44459202287185567e-02,1.10842174123946202e-01,-5.88986243215900152e-02,5.73171540161026005e-02,1.42140513532748008e-01,-7.81187224501536572e-03,-7.98201010885108003e-02,1.99968071280542281e-01,-6.31759330206876774e-02,-3.31473610018910084e-02,-9.50820870255265210e-02,1.22021907992040338e-01,5.48080005833309417e-02,-1.61333339383895567e-02,1.49788232248736358e-01,-1.30647896685818499e-01,-1.85488306637127787e-01,1.39106167876474007e-01,-2.23702612552564906e-01,-1.72235513137374285e-01,-1.15165865890574926e-02,-1.45984044061474499e-01,-1.57076719609180959e-01,1.53349596079736740e-03,1.33028421614592135e-01,1.58106279990652798e-01,-3.53674343025960026e-03,1.99289558711173397e-02,6.84926587141568982e-02,8.58171111258103775e-02,-3.37107589438239291e-02,-1.62861074929002814e-01
1.88922473451161782e-01,1.74820470008398593e-01,-2.61617827084106337e-02,-1.51044863352883668e-01,-7.93641662400625530e-02,1.44707817859800941e-01,-1.46998847058781718e-01,1.99354531954318737e-01,-1.05402200662888051e-01,3.57980791614883054e-02,-3.02008749836536639e-01,2.38916549296591119e-01,1.14696285178263357e-01,-2.52783499615573504e-01,1.18629030481609388e-01,-4.24152992052721986e-02,1.61215203872645159e-02,3.83000409433014721e-02,-2.48282857323249062e-01,2.42969578611698461e-01,-3.80814060242335717e-02,2.44177319673144433e-01,-9.75650461032891575e-02,1.77318551055952317e-01,-2.09258250526015877e-01,-1.49859872773025732e-01,1.95160193235983971e-02,6.79912458346531162e-02,-1.28613959955318408e-01,2.18562957981805889e-01,3.45302459195407571e-02,-2.24220617557429718e-02,3.78073533159152542e-02,-1.84595627126310613e-01,-5.26771712905642342e-02,1.20981443926830842e-01,1.55261194335730046e-01,1.93533814888160148e-02,-1.74615962162877503e-01,1.30993842509232461e-01
-3.81840368267437206e-03,2.78332300530903742e-01,4.13824025259129993e-02,2.17972595031139492e-02,6.33919597250933303e-02,1.51782371513312947e-01,-5.17300598606725767e-02,2.34436010315348664e-01,2.49104211513977269e-01,-2.56104628413551423e-02,4.02542942176370225e-02,7.73448546484891836e-02,-1.33668607219527391e-01,1.16170860362139167e-01,1.27592962272826765e-01,-1.09672630732183200e-02,-2.16561492108471393e-01,-3.90969327882079599e-03,-2.54545128057114510e-02,1.34112843386413494e-01,-1.97105299268802159e-01,-1.75693044947994766e-02,-1.42925107649578609e-01,1.42224037425790123e-01,-2.86155492798976334e-02,8.90306915595090870e-02,-2.06051721375150543e-01,-3.29383626915662961e-02,2.41784586722841532e-01,-1.67093641486915426e-02,-2.10349598315511012e-02,1.51311927626753162e-01,-4.07580874180533334e-02,-3.35174226189283771e-03,1.67938350099590461e-01,-2.98653780496719937e-02,-1.29022547175253521e-01,1.68180755336004961e-01,-6.83811956859878972e-02,1.41070743268676163e-01
-1.27918864221851659e-02,1.07875220319264595e-01,1.20598867087783543e-01,9.14557901031016751e-02,1.16601225824862167e-01,-6.17264576490260466e-02,1.09438214619253127e-01,-3.14282631302445978e-02,3.61543359351104085e-02,-4.73940146050265618e-02,4.12081242806862577e-02,1.56926767076284251e-01,3.28817383426017740e-02,6.13065724578436555e-02,3.57669000780026849e-02,-1.87564908179731205e-01,9.41129014971525957e-02,-7.94607012580337418e-02,3.06811310210458182e-02,-1.45970638242369249e-01,-1.45532283008724617e-01,-2.45278364811549188e-02,2.80775997290594048e-01,1.11316974232342603e-01,-2.02149718120405220e-01,-1.28423452605184313e-01,8.53695763497445970e-03,-7.95974717148128230e-02,8.67248132565559202e-03,-1.17005003966377724e-01,7.78118690407703373e-02,4.41154744200209711e-02,4.59941679317139793e-02,-5.33102278694848261e-02,2.01129622321330415e-01,9.95792516386887205e-02,1.75870172830428328e-01,-6.96803005323916591e-02,7.18798883833714070e-02,-9.03278270312330017e-02
-2.34940842984231901e-01,4.11815857706267774e-02,1.57320282593654270e-01,1.11397684420752388e-01,2.46144683791852004e-01,-7.57787399302334384e-03,1.66755458135724399e-01,4.63130158954234983e-02,-1.34115789643324615e-03,5.48433683268266595e-02,2.54731108824859553e-01,4.32359861466562884e-02,-1.05607346132616676e-02,2.42543439669750283e-01,-1.61242975473389838e-01,5.60714215847439856e-02,-8.17421671006302746e-04,-5.29168667651817234e-02,1.88772561820496482e-01,1.22019819892259934e-01,-1.67519138507790100e-01,1.93852083754166814e-02,-1.28762681494961756e-01,-4.57182300134960848e-02,-5.64256772365033799e-02,-2.42235141868540449e-01,-3.40606021653209676e-02,2.05755774435972504e-02,-7.77336155502898335e-02,-1.42313402243961801e-01,1.19866550201150092e-02,-7.68252569306690086e-02,-6.69546268629724051e-02,6.71516928215895592e-02,-6.36255313966608838e-02,-1.44631829173273940e-01,5.38334322304392932e-03,1.39018212700353611e-01,-3.01804148759956190e-02,1.04988095307254392e-01
-7.39511611611349540e-02,4.90755586920315415e-02,-3.37854206878527921e-02,-2.48027622506740118e-02,1.28038703147883293e-01,9.90199050600756026e-02,-1.00738171062446494e-01,7.98401255073917793e-02,-2.06126141221845249e-01,-7.71697607764135207e-02,8.80633002313951779e-02,-5.37588244148863512e-02,-1.62218989070126662e-01,2.25728724559790435e-02,6.49932270205666376e-03,-1.07634763268067285e-01,1.60074508014055789e-01,-9.24931342922853533e-02,1.92644280844252835e-01,7.46289889279422441e-02,7.01883853229329363e-02,-2.63387074388024937e-02,1.77378647931398341e-02,-5.81714769868300896e-02,-1.93130563924426873e-01,-3.02567016274978180e-02,-8.61794779478436412e-02,1.27632516633752625e-02,6.56397157017270388e-02,-4.46721109701236907e-02,-1.72500706947580046e-01,1.45655153046084895e-01,-1.98398942005176909e-01,1.41367700766493465e-01,-5.82700994639661629e-02,1.51127054323417664e-01,-1.03018128552655991e-01,9.85574932758823217e-04,-1.39266859256112652e-01,-9.26954163979651219e-02
-2.03164427068263570e-01,-5.76585315139324719e-02,-1.07805991729229694e-01,-1.29420289970665243e-02,1.85816363325942813e-01,1.14517504392701558e-01,-1.05650201437192781e-01,1.65434516695838779e-01,9.93766010796942184e-02,2.84689730079207941e-02,-3.64238850440748510e-02,-9.26601459129217236e-02,9.22413341889759784e-03,1.66130792415033410e-02,9.95478805683346485e-02,2.66502875602081220e-03,-5.79228834838210888e-02,1.30220603010026498e-01,-5.55624207426301617e-03,1.10924493398352947e-01,-7.41421679784434046e-02,6.53884896862254594e-02,-9.75946344059977766e-02,2.72033933825850061e-01,2.56997502618147522e-01,4.51900180996886308e-02,3.25697936561450269e-02,-9.48947525630029765e-02,1.33715322202077112e-03,-7.11715182147693998e-02,1.68751395057908760e-01,-1.53490088366998428e-01,2.21145411086267868e-01,-1.32415123587900530e-01,-3.04212552692098084e-02,1.16868463972435138e-01,9.29263357519734129e-02,-3.30092068752389570e-02,-1.78883019316603109e-01,4.07517712041794711e-02
-2.91688017947285272e-02,9.15229125038622554e-02,9.34334293255407872e-02,8.72001219367874170e-02,3.94678857224384505e-02,-8.82277224620738737e-02,-6.98429147999840294e-02,-4.12704913847276658e-02,8.09598026039627661e-02,-2.19106820597758878e-01,2.25749836112187456e-02,-8.95391822900923340e-02,-5.15946643511383321e-02,1.18507809793399227e-01,-2.59566895339013864e-02,2.02763493517485766e-01,-2.26028070791467091e-02,1.18616452892121818e-01,1.22694124471551952e-01,-6.24127491786797273e-02,-1.97575671100473117e-02,6.13305388494003456e-02,-4.42275869265222055e-02,-5.57520273290504909e-02,-1.80018411828843067e-01,1.29597287277195355e-01,-1.64319273049889247e-01,1.52335494511875003e-01,-5.18772550808807784e-02,-4.43743255468350140e-02,1.65785494604730577e-01,-8.15287916939417580e-03,-3.19007650366822826e-01,-2.53457550722055669e-01,1.42247906094284893e-01,1.72689539509809753e-01,-1.72727005433392505e-01,1.33981041258573214e-01,8.39636982987303354e-02,6.53773921196372093e-02
2.85138061004477292e-02,9.65318935204575596e-02,-1.40173783032622901e-01,-7.37012802050278915e-02,-8.32667211035617721e-02,-6.84441029861975886e-02,-2.14534011264709314e-02,-2.30807350162367197e-01,-1.26871075527895283e-01,-7.54413003356694811e-02,-2.63265138365599300e-03,5.13825270293203837e-03,-7.43220057176803978e-02,-3.86446232277686680e-02,5.21403512191233529e-02,-1.11909640401386803e-01,6.29535126992071450e-04,3.94492517067652967e-02,-7.54311487502254407e-02,-5.72803215970298027e-02,1.43209634169803396e-01,8.29682547972347348e-03,-1.42885129777487394e-02,-3.35811448612319957e-02,-5.53235886398827093e-03,3.38333100515917362e-01,-2.60989911048248729e-02,-9.01333760176315085e-02,2.57025066942061196e-02,1.97054458509040770e-01,-1.53842896194328699e-01,-2.27616482344967258e-01,1.73114673426498777e-01,-3.63213806424285759e-02,-9.09566167542522619e-02,-3.00814559179972851e-01,-1.33396469868750533e-01,-1.55049942592977164e-01,-8.90157139216566223e-02,1.91152665124137672e-01
7.41505739556744259e-02,-2.06591907264869257e-01,-7.01472932629208651e-02,8.14104995071720655e-02,-3.44532005476196265e-02,-2.23438168889122213e-01,1.59548526824948717e-01,-3.81308846308126420e-02,-1.07822837349161982e-01,2.20413412010965759e-01,2.35530740775754477e-01,-3.90248970002651657e-02,-8.71814063055384586e-02,-2.75659848134578098e-02,-1.29567722899320864e-01,-7.47229128340322485e-02,-1.47395679151148207e-01,9.21231189288404251e-02,5.23101633126642068e-02,9.95152273096217010e-03,4.24548223063965363e-02,2.30337755488969648e-01,-1.26902184069297125e-01,1.66237926414487730e-01,1.21255985804647540e-01,1.43244019992324695e-01,1.91325834932959266e-01,3.36098977926076625e-01,-2.11950167735214190e-01,1.99713265319469407e-03,1.37866545501694637e-01,8.92079078635895674e-03,1.13752755953001300e-01,7.29036647180991287e-02,-5.78332916246369899e-02,-1.82123761310676452e-01,9.62801205171838065e-02,-3.04445947790115967e-01,1.44792866134245857e-01,-4.83282697813022522e-02
-1.14729638218563287e-01,-3.53858230885003788e-01,6.04081730482922043e-03,7.13041474611559034e-02,-2.71838064904266243e-02,-1.94357764423734425e-01,1.30312902059636859e-01,-1.72493936357543121e-02,-1.50445843734321766e-01,-7.80147571259676015e-02,4.50306387547626114e-02,-3.22282936315156573e-02,9.29698344713414809e-02,4.02689448671828265e-02,3.64398970639499886e-01,-2.02560919010650514e-01,-1.09442191972418959e-01,-3.00764936591426911e-02,1.10481189396440752e-02,-7.60880243732273004e-02,-3.07214187877318731e-02,-1.50683403154967033e-01,-1.44630547526174880e-01,2.27576464105132381e-01,8.62864629676548395e-02,-2.07234919055166861e-01,-1.25439030801713425e-01,-8.78819165639322386e-02,-8.21261707496569737e-02,1.73554450356501258e-02,-1.00366557355390490e-01,-6.95335011457744179e-02,3.89945637184049079e-02,8.00642951764271998e-02,-1.40017914755846185e-01,1.33445869325893196e-01,1.24541705093400970e-01,3.28139816293488637e-02,-6.54123356886452262e-02,-2.12188197779724537e-02
3.63916410591809819e-02,-3.32470878351804819e-02,-3.16354955815127889e-02,-2.11204513773160185e-01,3.43146411834562362e-02,1.08151560016395087e-01,2.04146512856247825e-01,1.15769295618365006e-01,2.04962184643159490e-01,7.54746523432522909e-02,1.94689614104684634e-03,4.83249077036125782e-02,1.14959069777853477e-02,9.65046120205142050e-02,1.74463877731090872e-01,7.19219611971487621e-02,6.47841617993617919e-02,-2.55896603413092970e-02,-1.28020668176791946e-01,1.14817618445879302e-01,2.36079991917997507e-02,8.67130471963282884e-02,1.81232229585241933e-01,-1.59716250094263212e-01,-1.52936103542925667e-01,-1.82720013183524987e-01,-1.33840501071389395e-01,1.83382734552982291e-01,1.61881463923720936e-01,-9.88561808497043087e-02,2.86165975842778197e-01,-7.72333342362138131e-02,1.02941630902451481e-01,8.16281105410656543e-02,-1.64908170623952882e-01,-5.05620144191826076e-02,9.29290970220155860e-02,-8.39524318690611504e-02,-8.07980248593809097e-02,-7.27377241014326298e-02
8.24666954441354710e-02,2.67983507259484180e-03,9.42932780626057204e-02,3.27591668342585712e-02,-2.72221811059217018e-03,1.37810964301332828e-02,-2.36194871396037866e-03,-1.28477691332189586e-01,-5.83417195491121865e-02,9.43093173914265198e-02,-2.64120643965283439e-02,5.03071791094350448e-02,2.82718179366173106e-01,1.21817278414008939e-01,-3.75304502030053277e-02,7.04729695027390274e-02,1.38216626847312563e-01,7.34671010108978589e-02,1.67541695944843194e-01,1.09472832726349070e-01,8.45281029199975997e-02,3.36600874601168734e-02,7.13545750769470910e-02,-8.52878711242907039e-02,-8.40574356676984658e-02,-9.01179720506123660e-02,-3.76295138203472310e-02,-1.20581049850075936e-01,6.09810515119367791e-02,1.19803795425490554e-02,-2.51764033810050704e-03,1.83686501111927691e-01,-8.62006591326822946e-02,5.15927786908730382e-02,9.87154230802125693e-02,1.61895347427388925e-01,2.17504231720394958e-01,1.51845201733123353e-01,3.16629921950552576e-02,5.27165600563457640e-02
3.19982563544772298e-03,2.50565246549592890e-01,4.98044170896908833e-02,4.19560678212976476e-03,2.97155827795485966e-02,-1.94497013351981572e-02,5.27639166624924577e-02,1.29712813338808991e-01,-1.63632557859925781e-01,1.12105305012801110e-01,1.08600080276089542e-01,4.57947123456477895e-02,1.60845007444728905e-01,-1.31743597128122697e-01,1.91713686615734985e-01,4.18993839041301108e-01,-2.01092139659298369e-02,-1.20983251536242564e-01,1.58594321435930663e-01,-1.05386430531721850e-01,-8.15048639381863310e-02,-1.07083820307054614e-01,1.08634322062160393e-01,-1.92801659004751658e-01,2.86546254883288326e-03,-8.83949143895493838e-02,-1.38491388617558017e-03,-7.67849255367574618e-03,-6.38544246023331208e-02,-1.64528391808576369e-01,1.20541077377725417e-01,1.40811690573247883e-01,1.26962399578816942e-01,-7.58943075108272358e-02,1.09807016997097426e-01,-1.10074946368583865e-01,3.25020988241670750e-01,-3.66335690181950058e-02,-1.34800913692032454e-01,-6.32040200117277851e-02
2.16685290680753900e-01,1.67913619121186214e-01,2.64592380854812466e-02,4.08891968922537527e-02,1.13346149832775824e-02,6.11790496877962289e-02,8.64097858869894708e-02,-2.32123111009327823e-02,-1.44043593744915932e-01,-3.17928827395744074e-01,-1.70210624409514871e-02,-6.55409206431686736e-02,1.34836478337504784e-01,1.71700954359651561e-02,-9.81642780772481877e-02,-1.14927029720086518e-01,-2.07465015297900818e-01,7.72640809976584547e-02,-1.86583326659851584e-01,-1.22419171204204674e-01,9.90589159159584870e-02,1.64152282200639494e-04,-8.19765457958488014e-02,2.51852995905905597e-01,-1.44270442378296837e-01,-8.71421036331308276e-03,9.17702897384653771e-02,7.92981471995237858e-02,2.73817019179256327e-01,1.92355382449322432e-01,2.30002518569439318e-02,-1.10357599404077439e-02,-5.95662545130770590e-02,3.54586411124985179e-01,-2.19394526553501640e-01,1.46648718270660616e-01,-4.19634808802887893e-01,2.04743396753176043e-01,-1.53590424282428945e-01,-2.74881026528458250e-01
-6.24693766522846639e-02,-7.83095242714014206e-02,1.60122929860528784e-01,2.13451440466717435e-01,1.89868345034293201e-01,5.28861553023786263e-02,-1.20685800450731920e-01,-6.66006067831011461e-02,5.56977151895471020e-02,1.27462095724297231e-02,6.36862391111211595e-02,5.85807165525153023e-02,-4.68998004666488569e-02,1.09362311440728086e-02,1.41298182976174080e-01,-1.10811980758155709e-01,1.41954730228001716e-02,1.26350625069339778e-01,1.16000526416988992e-01,-9.29515045805177215e-03,1.29818951880922656e-01,1.18706876736351004e-02,6.23671176950450906e-02,-1.47470462484622450e-01,7.84757226165340577e-02,-1.03510210147660375e-01,-9.76657190723849711e-02,-1.23331831968060135e-01,-1.49299657850592155e-01,-1.50507360258377659e-01,8.86111699046161216e-02,6.21570485347462121e-02,-1.30864532795807991e-02,-1.90101800841038088e-02,2.70347754266318963e-01,1.10287394581567263e-01,7.05778110713357019e-03,2.92358647163638574e-02,-6.60326588549684096e-02,2.86090295033096936e-02
4.44553591253856600e-02,-4.02388428104383938e-02,-7.48874186666688511e-03,-1.05031277450350319e-01,-8.21281398917157318e-02,1.18797098856518332e-01,-1.89689505864907126e-01,7.15152033752221722e-02,-7.48706030604280454e-02,-2.18090610060954732e-01,-1.29114172218442153e-01,-1.28803293662321433e-01,-1.22261677183803069e-01,-1.18223080416111227e-02,-2.23041847870011578e-01,-1.70048430646120241e-01,1.81862108504290076e-01,2.74698851044419268e-02,-2.56718630511953323e-02,2.55123447200185205e-01,1.18156675076834000e-01,-1.87819671244031962e-02,1.05449958738910513e-01,-9.54575874611038599e-02,-1.23173913501816515e-02,6.98950367970396641e-02,1.60171649113537234e-01,-1.10237356583328117e-01,-1.49155031599884608e-01,-1.77887599754484760e-01,1.10480614763021720e-01,-1.49391378696219074e-01,1.76025080548955937e-01,1.24499105166276436e-01,2.00034608141545112e-01,1.21680360982241911e-02,-1.26341177646655339e-01,-7.99071975665148482e-03,1.25123309965073898e-01,-3.46222535666076761e-02
-9.70267022547489366e-02,-8.21939627878209567e-02,-1.48503542103824243e-01,-7.10066859757204905e-02,-4.06118549564052772e-02,1.47475555068357599e-02,1.22609270509085308e-01,-5.80269366550196716e-02,-1.39715459942464565e-01,-1.06984174149784991e-01,8.19519418090151053e-02,-9.44447691626607300e-02,5.79559246038823875e-02,1.46213293076172313e-01,6.48500999876687884e-02,-7.87297679712248982e-02,1.48061848284475432e-02,1.07379100245832096e-01,-4.49913044896005782e-02,-1.76798479742787118e-02,-5.12419337179986778e-02,-2.99407313545621279e-02,-2.74405268533671719e-02,-1.36834373169063550e-01,1.09288677442945167e-01,1.19796587521268354e-02,9.10997212147613283e-02,-8.90193800257827739e-02,-1.92630971070214874e-01,-5.97331751541965925e-02,-8.99008991234917371e-02,1.40494107447746513e-01,1.46491793996808874e-02,-1.11613249891422225e-01,1.54792240171863826e-01,-2.70180446725048562e-03,-5.72640602418337391e-02,-8.69371049709805055e-02,-8.04431108794317895e-02,-1.25186429829122731e-01
1.48722940211904638e-02,-8.82781502060753093e-02,3.48227268535960116e-02,-1.76550774256633361e-02,-4.79645267244757309e-04,1.39424630531075538e-01,-3.18878472400923041e-02,1.85679436083068278e-01,1.17012058293128163e-01,2.12548614136772000e-02,-2.23000677374182193e-01,-2.35671465045682663e-02,-8.41035171883901950e-03,-2.15970871042696216e-01,-1.04731426134656483e-01,4.84139856581980374e-02,-4.28712563367044178e-02,1.63842626251972712e-01,-6.37006698550552780e-02,1.75006141101375939e-01,3.59861329442400443e-02,-1.30128358544059741e-01,-2.10833227113887273e-02,4.26634427720882572e-02,2.47225046805685023e-01,7.29173733284128184e-02,-3.16718451227485653e-02,-2.03069694708965326e-01,-9.61562030056569289e-02,1.40219346516272519e-01,-3.77597894104212961e-01,-1.17009980842175731e-01,3.96260912326560424e-02,-1.43820365649553111e-01,2.98237952019119006e-02,8.10563063057303385e-02,-4.08562553649830310e-02,6.34880460823101928e-02,8.76730332843336964e-03,2.09999888779658812e-02
2.77346908393692304e-01,4.44019549370964911e-02,-1.74461350371284407e-01,-1.80783795700765415e-01,-1.04085451060027007e-01,7.52886922049717106e-02,1.25706935628031924e-01,4.79947349259907535e-02,-6.04098168878693890e-03,7.80882869886684455e-02,-1.08587166019260425e-01,9.75343116328515336e-02,9.84383802479496944e-02,3.36066879896271741e-03,-6.43033145823491276e-02,-4.25958622398477024e-02,4.97380065827541934e-02,6.75119348458159546e-02,-5.38985716487895561e-02,7.23100882084771052e-02,-6.00360155837471737e-02,3.10751770176430249e-02,-9.70756063384787676e-02,1.82108373322680548e-03,2.09579213749207932e-01,8.69031641569920632e-02,3.24871067266402636e-01,6.17889324701497364e-02,-2.30911551371449003e-01,5.32760891774219647e-02,4.22718807218398357e-02,7.70144687604304157e-02,1.59628117225664223e-01,9.90385354548051350e-02,1.00525380421218211e-01,1.21033646795200400e-01,-3.12946474110531447e-02,1.16758648724707939e-01,2.16176102827246891e-01,-1.52580406305083460e-01
-5.44542600175352241e-03,-7.88580937207298133e-02,3.02379772109683427e-02,-1.29021832717102158e-01,-1.29708258900191730e-02,6.39954201453110383e-02,-4.28749956410153857e-02,-2.32415265727697676e-02,7.92159227487466699e-02,3.65787753835888463e-01,5.31541300857944696e-02,4.20332272982881644e-02,-2.88796298680053902e-02,3.71577267264932912e-02,-3.21803805510958926e-02,-6.46983817240879694e-02,-3.37357153320926723e-02,1.37098050234930463e-01,-1.43193463264528580e-02,9.74089206217974984e-02,2.11788551122482266e-01,-1.50189085135894629e-01,-1.28035270174847639e-02,-1.37426220174830943e-02,1.05788656777251952e-01,4.13798852896274938e-02,-4.81664935438829572e-02,2.01145332329879301e-01,2.28170605524259135e-01,-6.65868956783312455e-02,2.93201269961957528e-03,1.24254845540726383e-01,-3.24589632288378935e-02,2.13676790828794538e-02,2.63802946356762880e-01,-2.94248766615453003e-02,1.77254434527246291e-02,-4.87733518617254336e-02,2.04938460054250510e-01,-5.58146274911804248e-03
1.96801745749070528e-01,-7.60962951833301926e-02,1.60642888107827286e-01,-7.15798285168788018e-02,9.72087859819300570e-02,7.08819339052073893e-02,5.57636614596337260e-02,1.15838572123894368e-01,-1.56707423350066627e-01,2.08855129380309396e-02,9.81220851714127429e-02,-5.32394780305770268e-02,-5.70663765523543240e-02,2.67036951483729315e-02,-1.38589267484235001e-01,1.78606771762702468e-02,6.30366122447286459e-02,5.39898715200327756e-02,1.73047936749080616e-01,-1.98442855392274645e-02,1.08761831371346485e-01,-1.38738538752343044e-01,1.66245124338316591e-01,-6.74471274199720059e-03,-6.47543445634017351e-03,1.84083543823592904e-01,1.51718776201689692e-01,-2.90189418390143714e-02,1.70599313697726573e-02,-9.78445605736830981e-02,1.45658063790602560e-01,-2.21312422200371339e-01,6.93481556109533381e-02,1.48312814740180599e-01,-1.44224968678598353e-01,1.68236403052577171e-01,-1.80158022818770108e-01,-2.47287786388436619e-02,-4.82491632567908016e-02,7.29138797508491338e-02
-1.11461394726267829e-01,1.64013579267720637e-02,-1.42366448933722356e-01,-2.34357224281350862e-01,-1.89029348595345703e-01,-7.15356671384476117e-02,-3.46597924113142691e-02,-1.08271615002673599e-01,-1.68357320264584595e-02,1.57746464394210723e-01,-8.17516772156194615e-02,3.42967942045687493e-02,-7.17319083494441095e-02,-7.75442309000966834e-02,-1.47864945782793550e-01,1.78513756090638132e-01,1.47278738685829413e-01,1.00084376347945259e-01,-1.29784042670887639e-01,-5.53291831084242874e-02,2.17838039176998406e-02,1.18492891932590327e-01,-6.28344541609167223e-02,3.79139241090912585e-02,8.90956159459185548e-02,-1.77771236540139682e-01,1.71735411378570929e-01,1.08305798854336180e-01,-1.00910174566518594e-03,1.24701293073542621e-01,1.21869509754124250e-01,7.37321981170218355e-02,-3.40811917918296681e-01,-8.06947986182544458e-02,1.00713628787914608e-01,-3.09374157259067140e-01,-2.76478889911401708e-04,2.30511343962753537e-02,1.17647582765187511e-01,2.17810929056093255e-01
1.76520050538433837e-01,4.18284478484730257e-02,8.24681732758452551e-02,1.46657992471064091e-01,-2.09199461419850748e-02,-2.06110403833701078e-01,2.79934924114456779e-02,1.22616129999278983e-01,-1.15594270129909041e-01,-1.67947071437361595e-01,6.16829912085316429e-02,-1.92980321587991228e-02,7.79881947358736054e-03,-1.57643504191090494e-02,8.87364352992481148e-02,-5.53295717973473142e-02,-3.45655073808333491e-01,-3.14220458486928885e-03,-8.42179646758552392e-02,-1.66794257588169903e-01,2.14995998475883937e-01,2.33783675387466486e-02,-3.92378923082794540e-02,1.70474209781219160e-01,-1.07897553234842097e-01,-1.36186875847198428e-02,-1.61725873436332601e-01,1.02959405504844514e-02,-4.58214800065227176e-02,-1.18693320783516229e-01,2.70897186014204816e-02,-6.27764721182034191e-02,2.58827398649956811e-02,-7.30745222131872069e-02,2.42904418806707146e-04,9.06376915304028807e-02,-1.77687505396959489e-01,2.16093320532786737e-01,-1.85516798691263307e-01,3.08005834437787389e-02
8.03536196032561961e-02,-6.74510143947661955e-02,5.86723946876867089e-02,1.88171870491747398e-02,1.46655212412563796e-01,2.61671930378748974e-01,-1.27395598141520933e-01,9.53019107211845323e-02,1.16029344426184761e-01,2.38345053184024158e-01,5.35807786548550824e-02,-3.46034709780149718e-01,1.97465876710191321e-02,2.15203304511916022e-01,5.83609814777959028e-03,-8.06859462428284463e-02,2.13383239666413455e-01,-6.71647962756260347e-02,-1.11373408553434611e-01,-2.64118057904864423e-01,-1.85660622266172970e-01,2.47635409480541829e-01,2.59567196010624501e-01,-1.27007362863443395e-02,1.66333268925606848e-01,1.02317108696489606e-01,3.51757322391007765e-01,2.63680294167625631e-02,-7.81319030916562268e-02,-4.45589533644618133e-02,7.55895194734415576e-02,-5.23178988921758695e-02,-8.84592370539805939e-02,-2.20671665056034264e-02,-4.12324206432450845e-03,-1.34567978460493842e-01,-5.85724444029266864e-02,3.34335355743516343e-03,1.36672444977612162e-01,-1.60876156725124203e-01
-1.68701345702365946e-01,3.89272540052948285e-02,-1.50832670415233738e-01,-1.25964933494730841e-01,-4.13883296199802145e-02,6.34316283209873655e-02,-6.37699440566613235e-02,3.62208746915428301e-02,5.01945755769429430e-02,-1.36614900235973474e-01,-4.08286483567932637e-02,9.24513235867579705e-03,1.12278354736139886e-02,3.49648578961181487e-03,-7.53653378736492408e-02,-1.47087101325415137e-01,5.03647469537075593e-02,-1.41325180137347267e-01,-4.65898998060625263e-02,-1.04155677340597261e-01,9.04230943233358120e-02,-1.57937011555455864e-01,-1.12947874894709695e-02,-1.01324188641210650e-01,1.28633798376802166e-01,-3.51697181951901791e-02,1.08120064083407422e-01,-2.83378686314778791e-02,2.18055982306915919e-01,1.54941909467242650e-01,-1.09235144484449098e-01,2.63115479450230949e-01,-2.39814657608176357e-01,-1.51565273331560835e-01,1.49235783529976546e-01,-6.09403476846852241e-02,-5.42224642573165549e-02,-8.86385032490771968e-02,3.11796761755546714e-01,4.23803150145045174e-02
-1.10214391417462587e-01,-1.78569621727286215e-01,-1.33985857371945322e-01,-2.00752030871253206e-01,-5.60763589114775529e-02,-3.41597505417538180e-02,-1.54315843100390954e-01,-2.10942706243910705e-01,5.65398899398174490e-02,8.18483238417344744e-02,8.72120735329278002e-02,-9.33363677132080516e-02,-1.90921905739790093e-01,-3.72153872125651070e-02,-1.99605357003042355e-01,4.99358450039951718e-02,-1.70087951819166533e-03,-1.66705767657756992e-01,-1.03434059270798059e-01,-3.81570017032621875e-02,7.78410381409490315e-02,1.18217123634311277e-01,-1.17878045139715407e-01,-1.54209288631109387e-01,8.06243946914373261e-02,1.72516195085824831e-01,-1.66818584404306580e-01,1.27109035399417591e-01,1.90547004036584408e-02,6.96724136822742535e-02,1.03635880443420189e-01,2.65932997382724891e-02,3.61031480931265775e-02,-9.31985170227476734e-02,-3.51464069097574883e-01,1.11574002346390547e-01,1.25304564382143407e-01,-2.43987036184933809e-01,1.77671293594201668e-01,-3.72946886519053944e-01
1.13320573949430750e-01,8.90070378043345163e-03,-1.62769573131301026e-01,-1.37020760448583245e-01,-1.71413004350766340e-01,4.02266094171679772e-02,1.43019558740746289e-01,-1.98750260563156367e-01,8.25762706464936297e-02,1.17508376607434378e-01,8.28196959475299178e-03,-7.44494283038998339e-02,6.13038166011539085e-02,1.09886058065191500e-01,-7.96211664760394094e-02,-1.41931006324952425e-01,-5.78201135701963201e-02,7.91717705342991906e-02,-5.52337399128528250e-02,8.83789989683414212e-02,-2.00563114898560602e-01,-9.74436998277826982e-02,1.17756441646829930e-02,4.36786644667921768e-03,-2.25828895674912405e-01,1.84421002875890777e-01,-3.75869648382157889e-02,8.31439446925677506e-03,-4.92866331731726341e-03,-1.73492779612538867e-01,-1.25131150139530162e-01,4.13018345709920895e-02,-5.62954032042200653e-02,-1.44245164129626124e-01,8.86351665291408158e-02,-1.65832950026801429e-01,-4.32573857501560854e-02,4.60262937279913575e-02,2.36667693294068393e-02,-3.09150610069765630e-01
7.61850745706212362e-02,-4.81348802581882743e-02,2.44613896378099327e-01,2.41499005758122304e-01,6.43397267520015061e-03,-8.35211512898550029e-02,-7.22209247966976303e-02,1.58265319010469585e-01,1.53358819759662646e-01,-1.48449258459047023e-01,1.09268592821358285e-01,3.40432728410640997e-02,9.52882609849134837e-02,-2.62384130087031431e-01,-1.26010197573186267e-01,3.08013154961028268e-01,1.89990175899428015e-01,-1.53590621669237211e-02,1.28335818429487242e-01,3.88540076119523459e-02,-2.99245510068205878e-01,-2.22817205790458689e-01,2.12318080940540749e-01,-2.14625475689242562e-01,-9.90533021173030381e-02,1.14386836074598167e-01,9.70253934602190171e-02,-2.75450810506440505e-02,4.75521780109560560e-02,-6.09794561952892999e-02,-4.02365500077479926e-02,1.02796501222332651e-01,1.39993294331301144e-01,-9.67803830718940022e-02,-4.81676937823441453e-02,7.95077485035735124e-03,1.00703552642195434e-02,9.39305136084435388e-02,-1.28798266522963528e-01,-1.32680869312188421e-01
-4.50435071267744763e-02,1.95661570068149021e-01,8.95264312051218258e-02,2.55196974844693787e-02,5.44986628923399413e-02,-1.74393670260106715e-01,1.39027477930679481e-03,-4.70037819818756655e-02,-1.24892733123097219e-02,-8.26970865471275823e-02,-1.57312301281889617e-02,-1.79676675494080708e-02,1.24102412100690632e-01,1.40469897482723954e-01,-1.57928956082644054e-02,7.52244586954834982e-02,1.16861745531642650e-01,1.66772533078799690e-01,1.19753393445996012e-03,-7.08703222644014863e-02,-2.01028665460201317e-01,8.56061172435881867e-02,1.75335374237157587e-01,8.57550517062123513e-02,1.39748042776983356e-01,4.58871311540618512e-02,-4.93999870192006821e-03,-1.88503463748339567e-01,2.09790891431701820e-01,1.22814995478289724e-01,-2.20972220082500365e-01,-4.10560671429481480e-02,1.06551685263261073e-01,1.31979435457050154e-01,-2.39465413028565971e-01,1.37916940268896088e-02,1.54236876855765703e-01,2.62862221070461538e-03,1.57416285240657233e-01,1.32031117914420043e-01
3.11572545647738099e-02,-1.29258684191068257e-01,-1.65012853976540558e-01,1.08007472910456967e-01,-1.00658908150725104e-01,-2.13871720372467961e-01,-2.86704790240088436e-01,-1.83363915536671751e-01,-1.94025755266455491e-01,6.29608911822957945e-02,-1.58676185060451121e-02,1.06206169966560085e-01,4.04094240907449873e-02,-8.64237548388212817e-02,-3.94482921061952013e-02,5.71221358280795261e-02,1.89546241450971209e-01,-1.59180485289801582e-01,-7.16817123744106915e-02,1.03711043149280757e-01,2.12250202534562643e-01,-7.55794005253511147e-02,-1.96273686574801098e-01,4.24885048235299212e-02,5.23710748411659009e-03,7.26661644860654432e-02,-1.27780534872414586e-01,1.58440665745272463e-01,-1.09976587542993054e-01,1.97324112258477874e-01,1.64854198681606362e-01,7.17875067810508222e-02,-5.20703700292093272e-02,2.92020545221830172e-02,-1.10842809391366412e-01,-1.97273346046517306e-01,-1.05842316369080439e-01,-3.70358371575763082e-02,-2.60297158186642945e-02,4.12746026506914110e-02
1.40181569205417800e-01,-5.37745725432157637e-03,1.35890631510645343e-01,2.22418344279379149e-01,2.16130746725059192e-01,3.33856970922869201e-02,-8.51367833172614157e-03,2.94300123794000834e-01,-2.52131843835179004e-01,-2.48930211962272246e-01,7.27976486783129401e-02,4.01448558547109081e-03,2.82151619341795445e-01,1.67661333663143036e-01,-4.90558673595994574e-02,3.21042493058637593e-02,-1.77433402999871898e-01,-6.88030484819820154e-02,2.52384465156373972e-01,1.04813180987516810e-01,5.20307204013681565e-02,-6.25915156228403369e-03,4.34694885858766950e-02,3.52059349352802772e-03,-3.97696750757850909e-02,1.02899682834936348e-01,1.51822048467909892e-02,1.21793962055094154e-02,-2.12021438638146292e-01,2.16501134186683458e-01,1.26940010003758014e-01,1.06243195882686839e-01,1.06788782715724409e-01,4.87892618633981381e-02,-5.92804944159592249e-03,1.00164419637726362e-01,6.47965341750090656e-02,2.10475063969269516e-01,-8.42767336320344451e-02,2.14412566117647529e-01
2.00908333798757582e-01,-3.31394991579961953e-02,-7.19890767993185826e-02,-7.92076643666100588e-02,-1.14070301409705879e-02,-1.25773232060388512e-01,4.77280382071305076e-02,3.90295837106508711e-02,-1.65397050834648368e-01,-1.16165317614539298e-01,5.85508002600480526e-02,1.17623206516435708e-01,-6.39226172117177693e-02,-3.46866267944196463e-02,-2.89989821238151924e-01,7.02925986783215495e-02,1.72270278052715803e-01,-6.51727481239516571e-02,6.38955917531446871e-02,1.22300643888866079e-01,8.34371937835071825e-03,-3.66014369400837813e-01,-1.24736302768848603e-01,7.56713422679151371e-02,-1.43872834241538045e-01,3.69603328776752227e-02,-1.93902959238112689e-02,6.79322912205954227e-02,1.20359668862601923e-01,6.38825573257512380e-02,-6.63091019608267468e-02,-6.95021262067712243e-03,-3.55199915671398567e-02,1.92727257691031918e-02,-1.09639513498937819e-02,-9.59333651958697298e-02,-1.10588638199332304e-01,-1.44961712297456469e-01,-4.42665154551522833e-02,7.63486670190288430e-02
7.18958971145355619e-02,-1.80172745721056043e-01,-1.44268449269730498e-02,1.23388790611924107e-01,6.66698735660540970e-02,4.04601420219364363e-02,-2.99429814434714059e-01,-2.77396079389242489e-01,-1.85506200126188875e-01,1.29985329557054274e-01,3.05257970683890344e-02,-3.19254151630548932e-01,-1.03336109923226463e-01,6.38268195862419160e-03,3.68447666270703715e-03,8.50829783149021079e-02,-1.40454981953344910e-01,3.93673057331880849e-02,-4.13986832585342690e-02,-1.92321334524807097e-01,1.63150383557639028e-01,-1.68202404984437726e-01,-5.16510386666868063e-02,-1.55009246144477586e-01,-1.06138760822805905e-01,1.11129134903372825e-01,-7.13259848594352958e-02,2.14484389647412489e-02,1.01692971722611741e-01,-1.15362873389262932e-01,6.97787643256086026e-02,-7.62177753094911009e-02,7.18889908761710938e-02,-8.55973014604323977e-03,-3.21260806074315022e-02,-1.32428048349186062e-01,9.81559501758985375e-02,1.07674966180397111e-01,2.59377980856082047e-01,1.15289785041049739e-01
-1.19676958710696835e-01,-4.23813384503588381e-02,1.62628701104457041e-01,-8.56497927147595733e-02,-2.89504722251843816e-01,-1.77522992253251272e-01,-2.97116764778920578e-03,1.34853822594976663e-01,4.02799181268601314e-02,-6.34382884564285293e-02,-1.20316128637811992e-01,2.39960357661271606e-01,-6.74977510660511593e-02,9.23953070424363559e-02,1.47115864446877520e-01,6.51782103149417674e-02,2.86747545439611159e-02,1.75284506676042479e-01,-1.54791830959515347e-01,1.08208599413369536e-01,5.26795577085056033e-02,1.02430570666748808e-01,9.29599430800924775e-02,-1.40382627437872554e-01,2.87737088252048467e-01,-4.51401350205176480e-02,-1.47279903360795883e-01,9.68690165732969122e-02,-1.22737118818036728e-01,-2.64979455982476131e-01,4.64933912104823349e-02,-2.35188697833290912e-03,-1.84741096405460908e-01,4.33193536238912213e-02,-1.39330481593323924e-01,1.92966082858475857e-01,1.25491580869173426e-02,-1.38677861525761892e-01,7.97774083721073529e-02,-2.86836276435022963e-02
-3.10285246943941863e-02,2.42038649032957839e-02,1.82196209176346768e-01,-3.98672028079978535e-02,9.81450080639362787e-02,-1.18788367724382962e-01,-9.92070096364758014e-02,1.61047708591763400e-01,8.96214193002659171e-02,-1.46987337354148234e-01,-1.72250811703747925e-01,-3.13921478530945625e-02,-1.62169487650847988e-01,1.07868531157686035e-01,-1.37573555702569988e-01,8.38013468818636226e-02,1.53032133297174369e-02,-1.15864040954906239e-01,-1.56073561422765433e-01,-9.75326031568749530e-02,-9.14957930504809724e-02,1.22501863048584238e-03,-3.30716158272636285e-01,3.95343254151906409e-02,8.08184671463720375e-03,-9.53593520687986453e-03,1.02870694208140531e-01,-4.52575487525194234e-02,1.30015504997379294e-01,6.21256617002861194e-02,7.14710199055414719e-02,1.29174899540271421e-01,-2.59573188492245796e-02,1.22309020146628936e-01,2.03374559756947177e-03,2.32402919442473654e-01,-1.14227162733750668e-02,-1.73802563652500991e-01,-1.47941738033798148e-01,8.99429522706268053e-02
-5.07762112449315281e-02,-2.03968650470819052e-01,1.65959408331723846e-01,6.44142364822768571e-02,-8.07952566543100603e-03,1.79216036784681093e-01,-2.53447871216877174e-01,-2.26220966545107427e-01,-6.37721225434202260e-02,1.32793609356901848e-01,-8.83294273589523005e-03,3.19572407863956853e-01,-1.78055440307840068e-01,2.01381156960020347e-01,3.59969270921629905e-02,-1.78372954738263229e-01,1.84887942523675908e-01,-4.47817879219337828e-02,-6.99502123761791463e-03,-9.04330322317058177e-02,2.18899728124347104e-01,1.36884891622094801e-01,9.28633434173680924e-03,1.02811942325881464e-01,3.41139045056085138e-02,4.68293311757953037e-02,-8.13819318423996962e-02,1.51942096569053081e-01,-9.99375061123436437e-02,1.02911199016228527e-01,-1.54601663359494407e-01,-1.94750401266285990e-02,3.40508904279602301e-02,-4.54279941095484044e-02,3.03082471639293562e-02,-6.65962762686887477e-02,4.64901384040112275e-02,2.93183951447182033e-02,1.19041708432296001e-01,-3.48383148129570372e-02
4.82152949282274867e-02,2.00248083648034758e-01,4.57457853875076551e-02,-1.41801159617923778e-01,-1.30904174868992418e-01,-1.74105644570743123e-01,1.02010604160881438e-01,-4.46860317382035618e-02,5.68506333110824699e-02,1.40503923605875519e-01,-1.55997920624875192e-01,3.15691517958982260e-02,-3.14494301886854399e-01,-1.85392621464656945e-02,3.70137117065316920e-02,-1.29038630875622062e-01,9.05221210876829691e-02,-1.34117860578331860e-01,-1.36407872871548541e-01,-7.63095536330327812e-02,-2.83305887895183676e-02,-9.66108195326761815e-02,-1.70783127933940154e-02,2.20471454976124526e-01,-1.65743789628957257e-02,-3.10203070798949876e-01,2.80794611901341098e-02,3.41322002335449392e-03,1.46802107950473222e-02,-1.42913658712864600e-01,-6.44564670716515908e-02,1.91183121787579569e-01,-8.73912006665121810e-02,-2.61986904574360080e-01,1.30820383219611980e-01,-1.00930346558510020e-01,9.49759130448373096e-02,-1.23652306413719493e-01,-2.14701979287021325e-02,8.91227707521333734e-02
2.72591154814433370e-02,8.80179318596459835e-03,6.96815438614696026e-02,1.68154599950831235e-01,7.63270336908557639e-02,2.49199969482144928e-01,1.45010699299274654e-01,1.01876678176821778e-01,9.49284935183072887e-03,-6.21500143029947855e-02,-9.04207151978331375e-02,-2.55605770390581521e-01,-7.09327879320681247e-03,-6.43028541177114860e-02,2.62496477900425323e-02,1.14817669984072189e-02,-3.19762041746747105e-01,-1.02392490628266830e-01,1.56637068576034960e-01,-7.08352467977162430e-03,2.74657521024856133e-02,-9.36939548660904037e-02,-1.34121907967815313e-01,7.80803961634103511e-02,7.72397734541221820e-02,-2.95893703225816665e-03,-1.07651248909659533e-01,1.69922702316971964e-02,1.33238468654525488e-01,1.02486577543416821e-01,-1.18467692648528342e-01,1.59022886706145616e-01,-1.60346943909453948e-01,2.65784529146832968e-02,8.65079611189593645e-02,6.05238821179252193e-02,-9.46906925630922186e-02,-1.54342347333383340e-01,-8.85468760551285927e-02,5.56127250042293061e-02
1.79943660852229598e-01,-2.02196586945273371e-01,-1.25074418244204788e-01,3.65880065196121486e-03,-1.92989639625966020e-01,7.51117229363201713e-03,-5.12830827915591800e-02,-8.85499732394137151e-02,1.29715898627068893e-01,-3.61905057879068418e-02,-2.60628249268289036e-01,8.91914763581231479e-02,-6.45897251431243047e-02,-2.44390072503319428e-01,-3.64665673400756118e-02,1.30565232381923690e-01,1.48036496838649129e-02,-2.39486124062290529e-01,-1.20075287112047749e-01,-4.36841707796588111e-02,-1.95609195539445502e-01,2.44659625691518917e-01,-5.35892480071523472e-02,4.31361859771618866e-02,2.37966624843088781e-01,-3.03773020752966562e-02,2.64730255976599160e-01,-1.39093176142658093e-01,4.52377431451079295e-02,3.16460738193138197e-04,-1.93688376159297876e-01,-6.83987801615744823e-02,-5.93579122020152436e-02,-2.00693527534276633e-01,1.18085683982583928e-01,1.10329848018298426e-01,-1.15826676896851027e-01,3.45545296741165964e-01,3.23173205192256896e-01,8.71191062286146567e-02
-1.31342259518708010e-01,3.10463167422795581e-02,-1.55546421589584316e-01,-1.97849684407494036e-01,-1.94276048956295966e-01,-4.39852938849842126e-02,9.07296161550279756e-02,4.79130385281875057e-02,-2.61126718099617738e-01,-8.10883670143026057e-03,-2.15351697691316679e-01,1.51489708838572545e-01,-2.43744273234510395e-01,-2.17529432354078123e-01,-2.14576174518991802e-01,4.38007643134622898e-02,2.10145992883149398e-02,-4.94307908422931402e-02,-2.71817228138776013e-01,2.67298102464359096e-02,-1.21210459743323354e-01,3.59086763916481241e-02,-1.13974908618899681e-01,-1.96862285190719050e-01,-4.42149021047024901e-02,1.38348529047788743e-01,-1.16020877301813208e-01,1.94889083398161883e-02,1.04667872151504485e-01,-1.40649247203209569e-02,-8.60902436081960494e-03,3.17653527726295959e-02,-1.01935400173181950e-01,1.54554817027033071e-02,-1.34987698129323291e-01,-6.68700212839752617e-02,-2.66088027869114563e-01,-7.61809853148778388e-02,-1.48360765810107598e-01,1.37936012736841161e-02
-3.57521408490589887e-01,-5.84180312719565706e-02,2.16345385750113112e-02,1.53545109924518669e-01,2.72183514108162605e-01,-1.21695211491299853e-02,2.44191560597286569e-02,-7.66656772790893781e-02,8.48664602046994426e-02,5.49985128451535403e-03,2.10069231520564337e-01,1.37404784841739014e-01,9.70031705905994093e-03,5.30941234207037080e-02,-8.22487597997402786e-02,-1.31961484888601710e-01,-1.49662087472341027e-01,1.97577884792491193e-01,3.17250736179387205e-01,2.01531762235358319e-01,-3.30503917750725351e-01,1.36845685168020731e-01,1.08686160465997411e-01,-1.24700402014341349e-01,-4.81611085828531349e-02,-6.28568740228113432e-02,4.34944292758221024e-02,-6.07614336365835325e-02,-2.14842747337853843e-02,2.09896595237460459e-01,-5.80681775952245766e-03,4.29050223296076824e-02,4.64555196854942662e-02,-1.43418580421398933e-01,9.83463266812749926e-02,1.05273533925203056e-01,-2.34670259688471612e-02,-2.22268023865150349e-01,-5.61277950793292249e-02,-4.38791782688364024e-02
-1.61755752592729118e-01,1.12935813472113539e-01,2.63629620297823157e-02,5.46193700031604445e-02,-1.21164352722821597e-01,5.82717627571310917e-02,1.06825358507558768e-01,-6.56213132530368143e-02,4.05526186242398043e-02,-2.67320351908729818e-02,2.67211241367463111e-02,-2.85026311460316872e-01,-2.82256989630941091e-01,-2.96608477893250989e-02,1.61425501313023995e-01,6.71984206519724014e-02,-4.79681032589996809e-02,-1.15884654910122148e-01,-4.42957948374515242e-02,6.50249561491171718e-02,-1.07703002238192045e-02,1.44760132582002599e-01,-2.03444568635610556e-01,4.75239857929963261e-02,4.03212392727847133e-02,3.83786344255286141e-02,4.03628042558471234e-02,7.48352602050252336e-02,4.32667042394781487e-02,3.03946091938747220e-01,-3.99770672072847152e-02,-7.43014611218186100e-02,1.44736779921911474e-01,-1.53026193839177288e-01,-2.08922780564942151e-01,8.33527205051994013e-02,-4.29562839263789682e-04,-1.34864454493648006e-01,-2.22730933553568600e-01,-6.80127412140164450e-02
-1.09939332683761451e-01,1.59633001313737533e-01,-9.15505226471409750e-02,-1.31103555551527029e-01,-1.47010924680857941e-01,-8.67910002960675664e-02,-1.33745279846812781e-01,-2.68717592526020047e-03,-2.52992286388615435e-02,8.50544571402302718e-02,-4.96161778152006405e-02,-1.52538171204991191e-01,-1.39601552869773216e-01,-6.35611018005791950e-02,4.53161491467207328e-02,-9.97357356568838102e-03,-2.08880059243222276e-02,-2.26022162396835417e-02,3.34114536554860272e-02,-1.11345872357784384e-01,6.27417615377283827e-02,-1.32001159181684175e-01,4.91917249094129122e-02,6.56590697658039901e-02,-7.69513645316485285e-03,-1.38601494579395107e-01,5.93322578055767436e-02,-2.78441997066012303e-01,6.16416190541125841e-02,1.08007432422003793e-01,-5.17885201769056717e-03,-1.22218000456693676e-01,-3.71154616545218974e-02,2.19532808052130407e-01,-3.07074443067907425e-02,8.29900820703224767e-02,7.66991969453444389e-02,6.50973128610675689e-02,5.55017269013939468e-02,-8.57104050137505874e-02
-5.17324060684413028e-02,1.10374794453766661e-01,-2.04660426047579225e-01,-9.42064831350036963e-02,-1.30389900155397670e-01,-2.29801256205495602e-02,-1.41971658220714725e-01,3.51393957126239428e-02,1.07501531849682322e-01,-5.00938844277978024e-02,-3.20487881997665980e-01,1.68019683194246178e-01,1.54882140716822075e-01,-7.93196645847600440e-02,-6.53715576885468969e-02,5.39057024164850906e-04,2.81975189050482529e-02,2.15854936068764380e-01,-7.63099949924501003e-02,2.38605796616120164e-01,1.84370045257619186e-01,-1.90389671858341214e-01,-7.76381765601905499e-02,1.16434917834914317e-01,-6.01097516450793245e-03,-1.36523325204911838e-01,9.26301947717584617e-02,6.66875973230287872e-03,9.41727352680439278e-02,-4.76481468588511939e-02,-1.76786034951587817e-01,1.59476281226111460e-01,2.47353066581259079e-01,1.81303486546075004e-01,-8.39083727438064697e-02,6.81856574177682612e-02,-8.37140087647733483e-02,-3.11099725242471991e-03,-8.66610004927479832e-02,2.33643617837414302e-01
1.29297208230048144e-01,6.77489503567230210e-04,8.00826948947819806e-02,1.44936153953864277e-01,-6.00056900725531722e-02,-1.39480988475388534e-01,5.53522639708627154e-02,1.82284629348112744e-02,-7.68493977023782943e-02,-5.64214551782184631e-02,1.74948426920647104e-01,8.53544619721184061e-02,1.19361182396279502e-02,-2.49426441819033007e-01,9.71426163570303369e-02,1.11710471339252176e-03,-1.14057246092860734e-01,5.79797967552387328e-02,6.03193294052003018e-02,-2.42893699410020425e-01,-8.74957420331052421e-03,4.17954334686083118e-02,-7.07541230480829147e-02,-9.94189967755588072e-02,-1.09668477516982124e-01,1.87863762394625378e-01,1.37968269955071554e-01,-8.18162892092908489e-02,2.54456656152811933e-01,-7.09600995058502215e-02,2.82457629313400904e-01,-2.38785477841841842e-01,-5.57221654572156565e-04,1.27699237426280365e-01,-6.11232931256532469e-02,-1.45943006689422144e-01,2.61503595142596690e-01,-1.82970230225854125e-01,-1.70925089327208957e-01,7.52326035414797589e-02
1.15505479114098822e-01,1.03273973677185230e-01,5.40670829285102988e-02,1.09143026032421153e-01,1.58825053413201772e-01,-1.01169354201309056e-01,2.30022055584372526e-01,8.40599296730077175e-03,1.58080771295904254e-01,4.66932043002513328e-02,1.05925287391369596e-01,4.22601973017123142e-02,1.52187609711895183e-01,1.40206559767737798e-01,7.65699793704432141e-02,-2.57039345855404541e-02,-1.00604106412115257e-01,2.31683435360460044e-01,1.94402169248676482e-01,1.69775951986684721e-02,-6.35206525057320330e-03,-2.05414740315006256e-02,-4.62065597354032083e-03,-5.52898200497765266e-02,-1.21953645358038945e-01,-4.75951260979459029e-02,-1.69252396572802644e-03,-1.63448397033081338e-01,1.56416916845236037e-01,-1.12925872708969491e-01,-3.16517239969991496e-02,-3.15929087859232571e-01,-5.37666746942455503e-02,6.04738568839010837e-02,-1.42374279917428306e-02,1.18170379107632867e-01,-2.53425199836600987e-02,6.90689818182679410e-02,9.96482735168243983e-02,-1.40413435461536062e-01
9.64709925649205255e-03,2.18541354769126173e-02,2.37417267734918114e-01,1.95537368422300822e-01,2.01149753089142014e-01,1.24662525795212111e-02,-5.45110357724457803e-02,-8.80414790885678811e-02,-2.25678230744988467e-01,1.59957669689153897e-01,1.58998192789594567e-01,-7.38032575233669441e-02,8.44950075102417070e-02,-1.24242626446065749e-01,-3.18644962061423315e-02,1.63719592175579735e-02,1.37284169769928827e-01,1.76509540492151507e-01,1.73618860847748274e-01,-2.72109525022303546e-02,-1.51843493355814124e-01,1.49946981903726795e-01,-2.72106094697996792e-01,-4.80252893295036523e-02,4.83773554304776296e-02,-3.15365548082794517e-02,-1.46605555687069844e-01,1.84392663580583704e-01,-2.77008728895024731e-02,-1.62479606951965699e-01,-2.98770358879431631e-02,-1.68435203449711968e-01,-1.49143125218343914e-01,-1.95088488867895741e-03,-1.96960487295374270e-01,-3.23176089077164275e-02,-2.75160719825980858e-02,8.70533081509606704e-02,1.62075610470518161e-01,4.92779797920442422e-02
1.36018664627022712e-02,3.65816154379313948e-03,-1.23594677396492506e-01,-2.44684891904942484e-02,-6.52214688991174796e-02,-3.32175682062012187e-02,1.10171668223170677e-01,2.37471535098991229e-02,3.22971390485818577e-01,1.31899339690502826e-01,5.76578991820937622e-02,-1.41752434810676231e-01,-1.06968014980635788e-02,-5.21480122073166089e-02,-3.14356666178164171e-02,-7.50072190553364299e-02,-1.40959897380003168e-01,-1.22295601495693476e-01,2.69187770146714460e-02,-2.61179161343825794e-01,-1.46642230294345949e-01,-1.33796480014725855e-01,1.35450567668244259e-01,-1.37605720787116304e-01,8.33419358750311645e-02,5.74364796491081270e-02,1.46585182829283261e-01,-1.33684588117770231e-01,-1.30984727161047892e-01,6.89986495015910695e-02,-3.80597427220225612e-03,-6.36652292524457070e-02,-1.05896482553246490e-01,-5.03932329626341352e-02,4.85069949193160516e-02,-1.60581178332219771e-01,1.90825011180971831e-02,-3.45236559370650717e-02,1.51090738765788934e-01,-8.57499378462871498e-02
-1.82209194967529825e-01,-4.16672672691025935e-03,5.65372759472005659e-02,1.26349808249979406e-01,3.28686540030435070e-02,5.44753440111134107e-02,5.69961951882824447e-02,-8.99174296328211914e-02,1.89536141832119309e-01,1.92891282276421216e-01,1.30260168462782346e-02,9.33256180410678704e-02,-4.89374184390009778e-02,2.47545547029771967e-01,-6.62398749149215316e-02,1.01249771080515347e-01,8.07657031259651353e-02,9.64623814339868740e-02,-3.34945178031711907e-02,-1.92567835021555361e-01,-1.05618000628997427e-01,-1.66991231200369996e-03,3.67075224744460443e-02,-1.31404185251192296e-01,2.89336625107721013e-01,-1.64857021722084662e-01,-1.98931249850731934e-01,1.63205302895503751e-01,1.51355656555543894e-01,1.75513924541761818e-01,-1.38811288951821432e-01,2.16157140500352424e-01,2.40423626027036097e-01,1.15128030534607087e-01,-4.73936091340330934e-03,3.37626984928741242e-02,-3.17265370594985233e-02,-1.53900677099984368e-01,7.62787725050869531e-02,-1.73216547845506455e-02
6.09122947008273064e-03,1.01481613162409418e-01,-5.37691753316582102e-02,4.41225045933307941e-02,2.98123413794520675e-01,4.16003414336031718e-01,9.35455435947152580e-02,6.65944478083693309e-02,1.46331156838412801e-01,-1.19231570499603284e-01,1.80942358368857470e-01,-7.31860508490079498e-02,-4.16397458449464172e-02,1.13241207935320984e-01,-4.71910368122089516e-02,1.47210279102618236e-02,-1.47943388661007619e-01,1.97494889027142184e-01,-4.52433724267916199e-02,-1.41143890256579113e-01,1.03874160139221128e-01,1.97093498322469085e-01,1.90308439026265042e-01,-3.47286095403418205e-02,-1.01566491792592093e-03,-7.50323610913066763e-02,-8.82661711514661912e-02,-6.22203342063974429e-02,1.19728051149574827e-01,-5.79823450680516383e-02,-3.65164894528046333e-02,-1.85484470611060846e-02,1.30790673936295204e-01,2.37074534860171500e-02,7.24552098292690905e-02,-1.84843126829006582e-01,-7.50967089536520582e-02,2.50582752093175376e-01,-1.40306769094667300e-01,-4.85779973280852598e-03
1.26260717637173336e-01,1.01945329705592405e-01,-2.99135253104592432e-03,-3.09793033541025256e-03,-1.08805216763887852e-01,-1.02033352517793371e-01,1.49010100960156239e-01,-1.85396464617386153e-01,2.57610017491793457e-02,-5.80448268337973514e-02,-1.75053315578545421e-01,7.94866822234613357e-02,1.10413120955171161e-02,-6.63615061320479548e-03,-3.18718101828450182e-03,9.14814347007595063e-02,2.03197785391734637e-01,1.41807346145883147e-02,9.38775933594592632e-03,6.14276529312152431e-02,7.58119934711922738e-02,6.72237684516015371e-02,4.99163717944099694e-02,-1.04311701378832430e-01,-9.64922519767606561e-03,6.12503548435623310e-02,2.08113633376309282e-01,-1.87966488718237928e-01,4.01269210599815365e-02,1.00710197314813496e-01,-8.39742601303049840e-02,1.42422496986908537e-01,-9.85094089299072134e-02,3.62309706467844744e-02,-9.23795980576382209e-02,8.89643104240401966e-02,1.65181034282619515e-01,1.10736845162989497e-01,1.09963143419664956e-03,1.64309221953636619e-01
