7.15098300358257015e-37,8.58530199570170537e-04,9.41760273080940492e-04,1.03300848854378895e-03,1.13303701318916172e-03,1.24267837585722175e-03,1.36284153802268570e-03,1.49451840116643342e-03,1.63879076305310312e-03,1.79683773113070819e-03,1.96994359554097075e-03,2.15950615683442593e-03,2.36704549410041848e-03,2.59421314748235852e-03,2.84280167453972252e-03,3.11475452218059039e-03,3.41217613441749824e-03,3.73734219045202551e-03,4.09270983699769070e-03,4.48092774272250676e-03,4.90484576066064961e-03,5.36752393588294397e-03,5.87224054397486248e-03,6.42249875875685813e-03,7.02203154573863807e-03,7.67480419464162435e-03,8.38501392125110163e-03,9.15708582432420495e-03,9.99566441088019751e-03,1.09055998110971532e-02,1.18919277194488356e-02,1.29598420250000151e-02,1.41146590383173787e-02,1.53617721943357655e-02,1.67065961205719905e-02,1.81544990207489661e-02,1.97107224489375295e-02,2.13802877532055999e-02,2.31678887939266373e-02,2.50777707681263048e-02,2.71135959588011018e-02,2.92782971620112083e-02,3.15739209377533525e-02,3.40014633331664623e-02,3.65607017648998875e-02,3.92500276964836692e-02,4.20662856871568958e-02,4.50046252355766410e-02,4.80583726125624194e-02,5.12189297743020841e-02,5.44757086830596551e-02,5.78161074345931655e-02,6.12255349997101253e-02,6.46874894199840900e-02,6.81836926421269668e-02,7.16942829224616468e-02,7.51980640947138429e-02,7.86728040094746978e-02,8.20955812692444470e-02,8.54431653794490986e-02,8.86924222527784439e-02,9.18207333970399858e-02,9.48064089933917664e-02,9.76290919843979255e-02,1.00270132875777351e-01,1.02712928151148838e-01,1.04943204251472633e-01,1.06949254372799549e-01,1.08722117458766449e-01,1.10255671029912378e-01,1.11546691058073633e-01,1.12594842578861737e-01,1.13402562058444095e-01,1.13974983084736858e-01,1.14319693816247597e-01,1.14446574165542339e-01,1.14367472832358902e-01,1.14095995078559470e-01,1.13647119234243255e-01,1.13036978447204103e-01,1.12282442838097629e-01,1.11400930303648948e-01,1.10409985782928960e-01,1.09327140587391333e-01,1.08169525733537081e-01,1.06953779015705450e-01,1.05695732351065969e-01,1.04410347940902398e-01,1.03111515286514771e-01,1.01812000870618216e-01,1.00523320416521122e-01,9.92557687181117448e-02,9.80183514700343483e-02,9.68188031634814594e-02,9.56636114437371537e-02,9.45580584554923109e-02,9.35062764952955400e-02,9.25113154482112704e-02,9.15752196640970684e-02,9.06991291245933390e-02
1.67114635679428139e-36,2.00729865035996708e-03,2.20199842980582389e-03,2.41547595021376080e-03,2.64952041892631187e-03,2.90608710113181160e-03,3.18731183300840441e-03,3.49552661889369507e-03,3.83327635426630427e-03,4.20333670850249128e-03,4.60873319071683843e-03,5.05276140791543430e-03,5.53900850650097896e-03,6.07137576509107681e-03,6.65410227776129515e-03,7.29178963121562915e-03,7.98942743593040842e-03,8.75241951883277795e-03,9.58661052230801516e-03,1.04983125799870351e-02,1.14943316525594023e-02,1.25819930055768216e-02,1.37691651984149059e-02,1.50642817980452121e-02,1.64763599480238603e-02,1.80150146572332949e-02,1.96904675904480721e-02,2.15135488981211126e-02,2.34956904423049978e-02,2.56489085742381689e-02,2.79857744274696202e-02,3.05193695177022536e-02,3.32632243016706894e-02,3.62312372607671504e-02,3.94375720629122420e-02,4.28965304439352726e-02,4.66223986659917364e-02,5.06292657855381134e-02,5.49308125801752922e-02,5.95400704353920701e-02,6.44691513993570497e-02,6.97289505253510938e-02,7.53288243776220612e-02,8.12762506068248347e-02,8.75764756072944933e-02,9.42321592120640289e-02,1.01243027323014254e-01,1.08605545139510457e-01,1.16312625462463889e-01,1.24353385111849610e-01,1.32712968785809154e-01,1.41372449949267759e-01,1.50308824815166053e-01,1.59495108318285145e-01,1.68900538639087633e-01,1.78490892102249693e-01,1.88228908697846226e-01,1.98074801846511189e-01,2.07986875621233580e-01,2.17922187396127037e-01,2.27837265631569363e-01,2.37688830124364175e-01,2.47434524093043728e-01,2.57033595146352101e-01,2.66447533373103562e-01,2.75640599804236774e-01,2.84580307389649789e-01,2.93237760398012970e-01,3.01587926349964619e-01,3.09609687819179136e-01,3.17285969385761479e-01,3.24603659225219332e-01,3.31553331700157550e-01,3.38129242000474617e-01,3.44328819943988729e-01,3.50152589234764611e-01,3.55603595347760204e-01,3.60687303676681392e-01,3.65411003883886865e-01,3.69783736911089345e-01,3.73815727399301079e-01,3.77518345167979275e-01,3.80903633670944597e-01,3.83984259928677352e-01,3.86773225662866205e-01,3.89283720258415733e-01,3.91529101101353361e-01,3.93522565798321067e-01,3.95277442583659377e-01,3.96806753541756374e-01,3.98123293030138992e-01,3.99239914621755232e-01,4.00169170976464261e-01,4.00923429597539682e-01,4.01514875405854788e-01,4.01955513371132556e-01,4.02257168413671484e-01,4.02431480296107424e-01,4.02489891815676071e-01,4.02443592799198224e-01
2.75888500659505176e-38,3.29237114300540040e-05,3.60942954069678256e-05,3.95660052115775077e-05,4.33665838488883349e-05,4.75261550710205305e-05,5.20773912354059187e-05,5.70556850254498864e-05,6.24993230545572119e-05,6.84496587600137235e-05,7.49512812528369866e-05,8.20521759016792424e-05,8.98038713704378213e-05,9.82615665757131712e-05,1.07484229555401478e-04,1.17534658516317271e-04,1.28479493329711718e-04,1.40389163443298894e-04,1.53337755554941826e-04,1.67402781430931526e-04,1.82664822945372896e-04,1.99207027776174121e-04,2.17114426669980863e-04,2.36473029825926082e-04,2.57368681210164564e-04,2.79885605333762345e-04,3.04104614485086106e-04,3.30100919450603274e-04,3.57941490712001653e-04,3.87681914734850112e-04,4.19362690417677294e-04,4.53004913833314807e-04,4.88605305879097796e-04,5.26130548269355025e-04,5.65510909426709799e-04,6.06633164239623831e-04,6.49332841255267565e-04,6.93385868374563476e-04,7.38499748670368964e-04,7.84304361952202142e-04,8.30342788196668171e-04,8.76062255195706623e-04,9.20805709501215284e-04,9.63804394897993934e-04,1.00417193705335428e-03,1.04090046943166410e-03,1.07285935723405506e-03,1.09879706785553379e-03,1.11734665636786887e-03,1.12703552343001697e-03,1.12629911916780441e-03,1.11349952002371853e-03,1.08694819376794149e-03,1.04493286819317506e-03,9.85747921117484296e-04,9.07727535161141521e-04,8.09280265953595088e-04,6.88926818223227315e-04,5.45332835066028089e-04,3.77344972312850836e-04,1.84021407398384239e-04,-3.53344886727676471e-05,-2.81154569140108345e-04,-5.53580442978448867e-04,-8.52448665474168942e-04,-1.17726911196461693e-03,-1.52722663651435058e-03,-1.90116937386207679e-03,-2.29761170171123444e-03,-2.71472702630588163e-03,-3.15037294486406917e-03,-3.60209467706667672e-03,-4.06713797468270626e-03,-4.54248808133580172e-03,-5.02488016750769761e-03,-5.51084888525373972e-03,-5.99675126826262200e-03,-6.47881705609523739e-03,-6.95318687737318288e-03,-7.41595326708262888e-03,-7.86321807868436799e-03,-8.29111206067454504e-03,-8.69587734047519954e-03,-9.07385460896658648e-03,-9.42159539606045836e-03,-9.73581359278124191e-03,-1.00135232154519721e-02,-1.02519678699115845e-02,-1.04487594554153150e-02,-1.06018184916486513e-02,-1.07094915052308934e-02,-1.07705189780641537e-02,-1.07840866593308365e-02,-1.07498464572469681e-02,-1.06679347112781098e-02,-1.05389837893918713e-02,-1.03641255383758388e-02,-1.01449852500021566e-02,-9.88366509673602005e-03,-9.58265584768391333e-03
7.62932409592785111e-37,9.15799485424286289e-04,1.00456451666230007e-03,1.10187744156603961e-03,1.20855007374435358e-03,1.32546902573644782e-03,1.45360213233399231e-03,1.59400532883836659e-03,1.74782999560942390e-03,1.91633077525190276e-03,2.10087386223193479e-03,2.30294575630877931e-03,2.52416246055198147e-03,2.76627909148884684e-03,3.03119985263914857e-03,3.32098830284020948e-03,3.63787782679654169e-03,3.98428218661351849e-03,4.36280599907584547e-03,4.77625494348152616e-03,5.22764545833192661e-03,5.72021363156025031e-03,6.25742292982383111e-03,6.84297033046162712e-03,7.48079037927213645e-03,8.17505655654657964e-03,8.93017929678916432e-03,9.75079988215144140e-03,1.06417793420145682e-02,1.16081813942804490e-02,1.26552483750528369e-02,1.37883690278546179e-02,1.50130369697762493e-02,1.63347986303430809e-02,1.77591894817343277e-02,1.92916574603994792e-02,2.09374726356477449e-02,2.27016224267220998e-02,2.45886920496717308e-02,2.66027301780091298e-02,2.87471008642110927e-02,3.10243228088896185e-02,3.34358985744029821e-02,3.59821369618311473e-02,3.86619729404641815e-02,4.14727905937468735e-02,4.44102555985211034e-02,4.74681646863168577e-02,5.06383203814418023e-02,5.39104389359015973e-02,5.72721012910979363e-02,6.07087535158743544e-02,6.42037645265057105e-02,6.77385458139231345e-02,7.12927359898278268e-02,7.48444501086540648e-02,7.83705915968856276e-02,8.18472156285610097e-02,8.52499438104556695e-02,8.85544071621981177e-02,9.17367100920103706e-02,9.47738946664144488e-02,9.76443922733763042e-02,1.00328444075785367e-01,1.02808477976626331e-01,1.05069424247755172e-01,1.07098969294597404e-01,1.08887733903257025e-01,1.10429382228031517e-01,1.11720636393437545e-01,1.12761251907089508e-01,1.13553910847095513e-01,1.14104038181733550e-01,1.14419628040299967e-01,1.14510963091894374e-01,1.14390374395386060e-01,1.14071921769729676e-01,1.13571123128946710e-01,1.12904629747977950e-01,1.12089953719438834e-01,1.11145167739828368e-01,1.10088646943970622e-01,1.08938814768481329e-01,1.07713908269070943e-01,1.06431777891025231e-01,1.05109688186078895e-01,1.03764158916915178e-01,1.02410824574541912e-01,1.01064284130677765e-01,9.97380299944763543e-02,9.84443746130017477e-02,9.71942993339756783e-02,9.59974752525493413e-02,9.48622067797051105e-02,9.37954129790654345e-02,9.28026259407592480e-02,9.18880065003939983e-02,9.10543775786241683e-02,9.03032752192567539e-02,8.96350553271192535e-02
-5.15688720241856205e-37,-6.18974447406004063e-04,-6.78964919735237839e-04,-7.44731461155761685e-04,-8.16822458724933073e-04,-8.95836790650963869e-04,-9.82428154879816037e-04,-1.07730970272448194e-03,-1.18125898477856222e-03,-1.29512321290165596e-03,-1.41982483755891857e-03,-1.55636743403175879e-03,-1.70584188375251457e-03,-1.86943282798249992e-03,-2.04842535994673213e-03,-2.24421190802419129e-03,-2.45829924630411182e-03,-2.69231554936597657e-03,-2.94801738511758131e-03,-3.22729651252354980e-03,-3.53218631968610147e-03,-3.86486770165743671e-03,-4.22767413775454546e-03,-4.62309567264256559e-03,-5.05378148048527594e-03,-5.52254059466051380e-03,-6.03234036442401589e-03,-6.58630211550143441e-03,-7.18769343522641501e-03,-7.83991644034746395e-03,-8.54649132936934758e-03,-9.31103447492128040e-03,-1.01372302809189935e-02,-1.10287960212231799e-02,-1.19894388993351912e-02,-1.30228046317530516e-02,-1.41324169710738152e-02,-1.53216077591842408e-02,-1.65934373813457388e-02,-1.79506055948534145e-02,-1.93953537148843710e-02,-2.09293587170104392e-02,-2.25536212351184970e-02,-2.42683495990598276e-02,-2.60728428825255584e-02,-2.79653765967186954e-02,-2.99430953097470712e-02,-3.20019170192381991e-02,-3.41364546657194484e-02,-3.63399593391687675e-02,-3.86042921699199446e-02,-4.09199276994195379e-02,-4.32759940261562698e-02,-4.56603520500793378e-02,-4.80597151781440995e-02,-5.04598090322485801e-02,-5.28455700431687339e-02,-5.52013731395079518e-02,-5.75112935842754386e-02,-5.97593833847848491e-02,-6.19299619167787765e-02,-6.40079080259912669e-02,-6.59789447104631999e-02,-6.78299098619823682e-02,-6.95490037544377743e-02,-7.11260054514358253e-02,-7.25524525361122552e-02,-7.38217848945955518e-02,-7.49294519688592647e-02,-7.58729522480561802e-02,-7.66518643722414461e-02,-7.72678251397011795e-02,-7.77244187970566880e-02,-7.80271277021288984e-02,-7.81831222694750055e-02,-7.82011467458834791e-02,-7.80912405535217763e-02,-7.78645866175128459e-02,-7.75331690438000598e-02,-7.71096208339976941e-02,-7.66068339729056025e-02,-7.60378401143121802e-02,-7.54154047152914009e-02,-7.47519570375209941e-02,-7.40592228161181670e-02,-7.33481853633239228e-02,-7.26288381962820195e-02,-7.19101165769071848e-02,-7.11998681399187705e-02,-7.05047373309309749e-02,-6.98300895308814479e-02,-6.91803342469451965e-02,-6.85587283668168401e-02,-6.79675314040936451e-02,-6.74081043240704614e-02,-6.68810204667804470e-02,-6.63861832499476334e-02,-6.59229456816501080e-02,-6.54902272490128640e-02,-6.50866218120743217e-02
-2.10217842864722501e-37,-2.52431762659027737e-04,-2.76908974622487234e-04,-3.03745322939536345e-04,-3.33165275851806037e-04,-3.65414069320730086e-04,-4.00759508454968656e-04,-4.39493900521935668e-04,-4.81936123877634796e-04,-5.28433835993196463e-04,-5.79365822214854775e-04,-6.35144484886956137e-04,-6.96218469904242654e-04,-7.63075424536295544e-04,-8.36244876366892668e-04,-9.16301218283690827e-04,-1.00386677849596210e-03,-1.09961494739551843e-03,-1.20427332454530345e-03,-1.31862683901426327e-03,-1.44352078451162147e-03,-1.57986369715655355e-03,-1.72862998868649289e-03,-1.89086222660478820e-03,-2.06767294325132210e-03,-2.26024581806059119e-03,-2.46983606883456304e-03,-2.69776985435990881e-03,-2.94544246768375755e-03,-3.21431507333998397e-03,-3.50590971745753628e-03,-3.82180231822069763e-03,-4.16361332763734871e-03,-4.53299574653467669e-03,-4.93162017616020215e-03,-5.36115660519947360e-03,-5.82325266428224998e-03,-6.31950813520314267e-03,-6.85144559831334012e-03,-7.42047711741801626e-03,-8.02786726234784240e-03,-8.67469255139127933e-03,-9.36179796972930883e-03,-1.00897512542149174e-02,-1.08587959581747592e-02,-1.16688045714897336e-02,-1.25192332361836831e-02,-1.34090798379496029e-02,-1.43368475521835226e-02,-1.53005154144728196e-02,-1.62975191581852079e-02,-1.73247430167421425e-02,-1.83785251660503676e-02,-1.94546779008545855e-02,-2.05485234974747376e-02,-2.16549460352753083e-02,-2.27684597403567945e-02,-2.38832876977036444e-02,-2.49934593811515990e-02,-2.60929122565062704e-02,-2.71756032139835353e-02,-2.82356185551630966e-02,-2.92672881615030980e-02,-3.02652899707295878e-02,-3.12247495325903290e-02,-3.21413183891566950e-02,-3.30112494602816942e-02,-3.38314451564946106e-02,-3.45994992682749497e-02,-3.53136841604592897e-02,-3.59729745052531566e-02,-3.65770216809223336e-02,-3.71260670054471761e-02,-3.76209605093899419e-02,-3.80630110883438122e-02,-3.84539932044250521e-02,-3.87959761402606462e-02,-3.90913332756811296e-02,-3.93425544539803135e-02,-3.95522756371087525e-02,-3.97230848494265973e-02,-3.98575774852794051e-02,-3.99581778681663558e-02,-4.00272042946066345e-02,-4.00667452615510247e-02,-4.00786930870143179e-02,-4.00647287129401730e-02,-4.00262669705993765e-02,-3.99646008683913617e-02,-3.98807699759996317e-02,-3.97755953962107139e-02,-3.96499288104271291e-02,-3.95044783625542739e-02,-3.93399163292780935e-02,-3.91569198924840156e-02,-3.89562093798411571e-02,-3.87385820982304313e-02,-3.85049401525777088e-02,-3.82563109881488422e-02,-3.79938418622017549e-02
5.42440764057653191e-37,6.51392421385883747e-04,7.14557689669208891e-04,7.83811414078211749e-04,8.59733011371873932e-04,9.42955528639846620e-04,1.03417030020967705e-03,1.13413194583846292e-03,1.24366372172840067e-03,1.36366323299716712e-03,1.49510851234340011e-03,1.63906446457378198e-03,1.79668967017035082e-03,1.96924353291160793e-03,2.15809374642220251e-03,2.36472404208331460e-03,2.59074216562720601e-03,2.83788801157474485e-03,3.10804182304345823e-03,3.40323233893703768e-03,3.72564474071535728e-03,4.07762821646238775e-03,4.46170292064023127e-03,4.88056606243384393e-03,5.33709680826140263e-03,5.83435962532941315e-03,6.37560563777362765e-03,6.96427150228548075e-03,7.60397524661282024e-03,8.29850845059351000e-03,9.05182408949948419e-03,9.86801930752816484e-03,1.07513123505996681e-02,1.17060128687418476e-02,1.27364848070479018e-02,1.38471011493906584e-02,1.50421898705892006e-02,1.63259706008142443e-02,1.77024817301931238e-02,1.91754979106352336e-02,2.07484384529692013e-02,2.24242673105203398e-02,2.42053861218394506e-02,2.60935222513898543e-02,2.80896144631847741e-02,3.01936995253356405e-02,3.24048036857263189e-02,3.47208435212902344e-02,3.71385412625114611e-02,3.96533587889668707e-02,4.22594574757978736e-02,4.49496860479340274e-02,4.77156021377241196e-02,5.05475297438206309e-02,5.34346540774942522e-02,5.63651534497991297e-02,5.93263676904145498e-02,6.23049895605815654e-02,6.52872938589105362e-02,6.82593715353108921e-02,7.12073797336804926e-02,7.41177784616889740e-02,7.69775748104517266e-02,7.97745311093036313e-02,8.24973580419636754e-02,8.51358500360400311e-02,8.76810214148140560e-02,9.01251692713938152e-02,9.24619239425750888e-02,9.46862027782997551e-02,9.67942306623996440e-02,9.87834581220022601e-02,1.00652418327989962e-01,1.02400720392521266e-01,1.04028823024907874e-01,1.05538019303551514e-01,1.06930208120710996e-01,1.08207877986497322e-01,1.09373897487964861e-01,1.10431502126232872e-01,1.11384129589492967e-01,1.12235393856126742e-01,1.12988998349876649e-01,1.13648664799401930e-01,1.14218159993220145e-01,1.14701144859118143e-01,1.15101335704506078e-01,1.15422263602433947e-01,1.15667548979187837e-01,1.15840644045882596e-01,1.15944986535897687e-01,1.15984070330965167e-01,1.15961352691542299e-01,1.15880320796087719e-01,1.15744513851028047e-01,1.15557542780155190e-01,1.15323105710724391e-01,1.15044997662971799e-01,1.14727113152760157e-01,1.14373390711893272e-01
-5.22850014582663410e-38,-6.23797644346505965e-05,-6.83853181858495250e-05,-7.49609045908305733e-05,-8.21589699838082082e-05,-9.00364462305474570e-05,-9.86550635876481914e-05,-1.08081669851033444e-04,-1.18388551843736078e-04,-1.29653754094334855e-04,-1.41961388112254322e-04,-1.55401923934438423e-04,-1.70072453555733045e-04,-1.86076913415096244e-04,-2.03526250241061016e-04,-2.22538511210645148e-04,-2.43238835494558931e-04,-2.65759319799884343e-04,-2.90238725438806962e-04,-3.16821988721052413e-04,-3.45659490081923453e-04,-3.76906030341328936e-04,-4.10719455275880563e-04,-4.47258859285276471e-04,-4.86682297367521991e-04,-5.29143915961508720e-04,-5.74790415420419029e-04,-6.23756744651873525e-04,-6.76160925484967936e-04,-7.32097902147149865e-04,-7.91632313336888892e-04,-8.54790091984019597e-04,-9.21548812614940730e-04,-9.91826730226536479e-04,-1.06547048982847813e-03,-1.14224153450411263e-03,-1.22180130402283860e-03,-1.30369539742307373e-03,-1.38733698770820806e-03,-1.47198980037033852e-03,-1.55675135904479703e-03,-1.64053695624978482e-03,-1.72206532597714572e-03,-1.79984694465006555e-03,-1.87217608971477047e-03,-1.93712788689492954e-03,-1.99256164089398752e-03,-2.03613174254784184e-03,-2.06530742588220640e-03,-2.07740207578954251e-03,-2.06961348395966671e-03,-2.03907458400497165e-03,-1.98291497117030879e-03,-1.89833220617286499e-03,-1.78267145464391518e-03,-1.63351131787575201e-03,-1.44875347745610492e-03,-1.22671112880047626e-03,-9.66195987781220738e-04,-6.66596342366278867e-04,-3.27944786253009791e-04,4.90282756683708740e-05,4.62859501837353012e-04,9.11335714141288302e-04,1.39149851655502978e-03,1.89966872554416248e-03,2.43149438331630770e-03,2.98201470077637514e-03,3.54574243239009742e-03,4.11675992022546202e-03,4.68882839946925967e-03,5.25550218442639386e-03,5.81024650359176012e-03,6.34656303284709348e-03,6.85809920662013798e-03,7.33877217199066165e-03,7.78285828367707416e-03,8.18510539169385772e-03,8.54079222864446291e-03,8.84582400760558323e-03,9.09675414310727633e-03,9.29086073829973880e-03,9.42612986632159616e-03,9.50130743963353841e-03,9.51585639902983484e-03,9.46996730228754149e-03,9.36452101301666479e-03,9.20102511810051878e-03,8.98163162197980307e-03,8.70900010832606486e-03,8.38620575557334075e-03,8.01684682987204196e-03,7.60481308795708279e-03,7.15426058606277813e-03,6.66953878558183399e-03,6.15511910755980277e-03,5.61552630703052690e-03,5.05527389982836708e-03,4.47880469688070708e-03,3.89042615759178966e-03
1.60697914270882043e-36,1.93054199174258262e-03,2.11783063709390911e-03,2.32318918845745691e-03,2.54834082465393678e-03,2.79516894537196149e-03,3.06573123500017116e-03,3.36227479021013577e-03,3.68725235560456990e-03,4.04333970499929762e-03,4.43345419657237456e-03,4.86077451764164656e-03,5.32876161858992451e-03,5.84118081472051204e-03,6.40212500877438730e-03,7.01603895455390862e-03,7.68774444256040135e-03,8.42246624065978548e-03,9.22585856536453468e-03,1.01040317911422501e-02,1.10635790250095279e-02,1.21116020803868109e-02,1.32557362768060683e-02,1.45041733694136026e-02,1.58656817757808002e-02,1.73496231131743534e-02,1.89659638951012177e-02,2.07252810569524062e-02,2.26387597952958410e-02,2.47181820173675154e-02,2.69759035148599557e-02,2.94248178095675265e-02,3.20783044812255405e-02,3.49501596966462422e-02,3.80545066340467267e-02,4.14056835605243478e-02,4.50181074998809508e-02,4.89061117499801426e-02,5.30837560194181157e-02,5.75646085225084356e-02,6.23615006028275035e-02,6.74862550723381582e-02,7.29493912790795951e-02,7.87598111924084771e-02,8.49244725767283742e-02,9.14480570881596178e-02,9.83326428795424923e-02,1.05577392896677724e-01,1.13178271632743827e-01,1.21127802092452039e-01,1.29414879918445636e-01,1.38024653391455032e-01,1.46938483633549360e-01,1.56133993026819101e-01,1.65585207850594662e-01,1.75262797001466408e-01,1.85134406867229651e-01,1.95165070391784518e-01,2.05317711393788654e-01,2.15553688252731052e-01,2.25833389615852559e-01,2.36116828386421229e-01,2.46364263498631580e-01,2.56536769317959990e-01,2.66596782298691770e-01,2.76508548726707715e-01,2.86238566002210149e-01,2.95755888225337049e-01,3.05032391553150040e-01,3.14042876429309337e-01,3.22765238735227056e-01,3.31180455800951512e-01,3.39272486698501907e-01,3.47028301108706361e-01,3.54437623963516912e-01,3.61492902117984849e-01,3.68189020998895999e-01,3.74523217742108450e-01,3.80494821405585770e-01,3.86105113081896156e-01,3.91357144797217227e-01,3.96255522119167647e-01,4.00806356081238213e-01,4.05016934105328352e-01,4.08895839214629186e-01,4.12452499128241168e-01,4.15697452263267542e-01,4.18641830628127654e-01,4.21297664381649006e-01,4.23677433420476424e-01,4.25794264722256621e-01,4.27661683409324478e-01,4.29293564353899204e-01,4.30704055314125089e-01,4.31907492897617706e-01,4.32918317162400479e-01,4.33750984591562083e-01,4.34419879611413706e-01,4.34939225258877793e-01,4.35322883163013263e-01
4.97885521090100876e-37,5.97755317553644132e-04,6.55705256224035720e-04,7.19238062813337838e-04,7.88884450212213977e-04,8.65224132939744007e-04,9.48890056993510799e-04,1.04057293421462886e-03,1.14102609008945874e-03,1.25107063093504614e-03,1.37160093248780372e-03,1.50359044684297729e-03,1.64809781825639868e-03,1.80627329027030622e-03,1.97936537668150616e-03,2.16872775672171314e-03,2.37582634012745283e-03,2.60224643017701500e-03,2.84969989188502137e-03,3.12003220798853440e-03,3.41522927676341176e-03,3.73742377274792785e-03,4.08890085386146625e-03,4.47210295609905360e-03,4.88963336991873887e-03,5.34425824098345298e-03,5.83890658278339147e-03,6.37666783075370273e-03,6.96078640867902644e-03,7.59465272071151686e-03,8.28178992947891518e-03,9.02583583673048813e-03,9.83051915307208042e-03,1.06996294340607756e-02,1.16369799789221209e-02,1.26463630441341571e-02,1.37314968266068361e-02,1.48959638300086190e-02,1.61431404582967584e-02,1.74761179410451058e-02,1.88976151778885160e-02,2.04098843843172721e-02,2.20146111066447901e-02,2.37128106835203349e-02,2.55047238937614815e-02,2.73897151685518030e-02,2.93661773500719855e-02,3.14314474900244320e-02,3.35817386089181380e-02,3.58120920230550893e-02,3.81163559222703965e-02,4.04871935244291575e-02,4.29161250105123473e-02,4.53936052548763597e-02,4.79091381026355012e-02,5.04514260745898419e-02,5.30085529791349264e-02,5.55681910769681847e-02,5.81178331592899777e-02,6.06450320865837972e-02,6.31376452661849691e-02,6.55840668303682151e-02,6.79734488480577409e-02,7.02958894763428960e-02,7.25425910328610923e-02,7.47059695969059523e-02,7.67797347496557842e-02,7.87589125802943268e-02,8.06398337497853529e-02,8.24200668716473794e-02,8.40983448138452050e-02,8.56744399356013792e-02,8.71490177930290266e-02,8.85235061837691406e-02,8.97999187826915984e-02,9.09807215355246390e-02,9.20686695357585266e-02,9.30666880315230705e-02,9.39777472307740946e-02,9.48047659798926107e-02,9.55505437085723691e-02,9.62176821300152890e-02,9.68085887404609713e-02,9.73254029073783722e-02,9.77700785508920367e-02,9.81443009425013307e-02,9.84496422680504191e-02,9.86874687130313982e-02,9.88591377680194811e-02,9.89659256262693521e-02,9.90091813702682760e-02,9.89903645840770757e-02,9.89110908525593219e-02,9.87731964440918264e-02,9.85787853833515748e-02,9.83302663763213208e-02,9.80303777611447047e-02,9.76821991496130831e-02,9.72891489938346593e-02,9.68549307490457478e-02
1.47634818384858119e-36,1.77366343627449177e-03,1.94573860149935187e-03,2.13441705001674205e-03,2.34128234648398612e-03,2.56806534584387439e-03,2.81665713280097093e-03,3.08912294235197003e-03,3.38771710282635783e-03,3.71489903683985432e-03,4.07335034715738432e-03,4.46599300320587624e-03,4.89600862929400870e-03,5.36685887682726310e-03,5.88230683920472949e-03,6.44643943881273267e-03,7.06369067966498235e-03,7.73886561577483752e-03,8.47716483321337561e-03,9.28420918189875981e-03,1.01660644203713756e-02,1.11292653520848918e-02,1.21808389339602020e-02,1.33283257282349639e-02,1.45797989400195931e-02,1.59438801503543337e-02,1.74297506983243193e-02,1.90471575075774197e-02,2.08064119834614134e-02,2.27183804371173283e-02,2.47944643281925066e-02,2.70465684680768655e-02,2.94870552030471259e-02,3.21286825167474005e-02,3.49845239724570628e-02,3.80678684789533539e-02,4.13920980332799851e-02,4.49705418946929128e-02,4.88163060986926620e-02,5.29420778744412249e-02,5.73599053216398772e-02,6.20809538050083667e-02,6.71152417166147319e-02,7.24713597100298118e-02,7.81561790662013700e-02,8.41745564862810131e-02,9.05290442161684888e-02,9.72196158719555309e-02,1.04243419557862968e-01,1.11594570280598965e-01,1.19263994770057558e-01,1.27239339684140251e-01,1.35504954267082367e-01,1.44041955409212385e-01,1.52828380248438367e-01,1.61839427634012156e-01,1.71047785708811961e-01,1.80424036238703900e-01,1.89937129194238052e-01,1.99554904684592083e-01,2.09244649877600414e-01,2.18973661912278267e-01,2.28709811458377793e-01,2.38422066378570829e-01,2.48080972381045373e-01,2.57659060402915085e-01,2.67131196018884576e-01,2.76474828874044509e-01,2.85670160178521759e-01,2.94700236788126679e-01,3.03550958189271469e-01,3.12210998950687491e-01,3.20671728997122873e-01,3.28926989472908160e-01,3.36972953415913545e-01,3.44807827896379593e-01,3.52431697750547501e-01,3.59846180381480640e-01,3.67054306597665025e-01,3.74060142273409946e-01,3.80868737641303523e-01,3.87485731138266287e-01,3.93917363453873459e-01,4.00170098618899128e-01,4.06250653092654679e-01,4.12165703539094708e-01,4.17921839960262387e-01,4.23525453610903990e-01,4.28982518404852853e-01,4.34298657774031205e-01,4.39479076450867256e-01,4.44528214644200614e-01,4.49449968794503274e-01,4.54247569551947283e-01,4.58923560137685649e-01,4.63479791898561033e-01,4.67917437739505726e-01,4.72237023687006874e-01,4.76438478282554256e-01,4.80521265498097983e-01
-5.22190601735291685e-37,-6.26935322129303606e-04,-6.87714048866063291e-04,-7.54348136300012247e-04,-8.27394190519900380e-04,-9.07460206669241090e-04,-9.95210003786370151e-04,-1.09136797854959226e-03,-1.19672418713506800e-03,-1.31213976122904544e-03,-1.43855266005632021e-03,-1.57698375488848192e-03,-1.72854323564280619e-03,-1.89443732060699940e-03,-2.07597523972354080e-03,-2.27457644890287445e-03,-2.49177801713714332e-03,-2.72924210935627078e-03,-2.98876346558593154e-03,-3.27227675060216957e-03,-3.58186361750922454e-03,-3.91975929310850110e-03,-4.28835845216216961e-03,-4.69022010231966158e-03,-5.12807114837297504e-03,-5.60480825091186526e-03,-6.12349753085776171e-03,-6.68737160844821987e-03,-7.29982339848980321e-03,-7.96439601800112522e-03,-8.68476810038229519e-03,-9.46473375635027182e-03,-1.03081763815751348e-02,-1.12190354910364394e-02,-1.22012657687152783e-02,-1.32587875677230051e-02,-1.43954281907501588e-02,-1.56148534348039877e-02,-1.69204890991442453e-02,-1.83154325180666031e-02,-1.98023544134740132e-02,-2.13833920873930938e-02,-2.30600353221547018e-02,-2.48330071307465185e-02,-2.67021421686591577e-02,-2.86662663581149744e-02,-3.07230819926987558e-02,-3.28690632348870304e-02,-3.50993673681057744e-02,-3.74077677943057199e-02,-3.97866139358253948e-02,-4.22268241172489220e-02,-4.47179156911464079e-02,-4.72480761512539538e-02,-4.98042772924110547e-02,-5.23724326627856007e-02,-5.49375957731678063e-02,-5.74841984049167601e-02,-5.99963159815794858e-02,-6.24579598532338937e-02,-6.48533810398593397e-02,-6.71673802604321885e-02,-6.93856065298173452e-02,-7.14948406764206179e-02,-7.34832476287955033e-02,-7.53406005724158584e-02,-7.70584509766168851e-02,-7.86302605514987429e-02,-8.00514713641722886e-02,-8.13195611615926822e-02,-8.24339934452856943e-02,-8.33961543834077779e-02,-8.42092916872488467e-02,-8.48782958473002780e-02,-8.54096102997016354e-02,-8.58109471862454065e-02,-8.60911596155903430e-02,-8.62599189546975897e-02,-8.63275778616564848e-02,-8.63048355152141733e-02,-8.62026094285083394e-02,-8.60317259443601351e-02,-8.58028014167862285e-02,-8.55260073513309654e-02,-8.52109420556078495e-02,-8.48665241756611649e-02,-8.45008262641917807e-02,-8.41211343069670492e-02,-8.37337281336101302e-02,-8.33440612470552067e-02,-8.29567112851854610e-02,-8.25752951374041644e-02,-8.22026760441272736e-02,-8.18409841844272290e-02,-8.14916986552460115e-02,-8.11557361478118522e-02,-8.08335424392345459e-02,-8.05251831330347223e-02,-8.02304305196337719e-02,-7.99488546494782210e-02
-2.17509981782258813e-37,-2.61331557840951121e-04,-2.86686981678079998e-04,-3.14489278851630850e-04,-3.44971893188355378e-04,-3.78389994122643660e-04,-4.15022387374586643e-04,-4.55173570771811285e-04,-4.99175941361187057e-04,-5.47392159046382462e-04,-6.00217670719113390e-04,-6.58083397147770678e-04,-7.21458582655974266e-04,-7.90853804760195222e-04,-8.66824137319295997e-04,-9.49972456242323860e-04,-1.04095287124985800e-03,-1.14047426041712975e-03,-1.24930387605647519e-03,-1.36827098072068976e-03,-1.49827046051601758e-03,-1.64026634928853346e-03,-1.79529518141647226e-03,-1.96446907241077913e-03,-2.14897840628214525e-03,-2.35009398406190199e-03,-2.56916846255416048e-03,-2.80763688304903024e-03,-3.06701605882225359e-03,-3.34890255741991747e-03,-3.65496898001421580e-03,-3.98695820668105907e-03,-4.34667524491303466e-03,-4.73597629117375723e-03,-5.15675459452467812e-03,-5.61092270063572127e-03,-6.10039065777861090e-03,-6.62703978824312132e-03,-7.19269167298463696e-03,-7.79907207817519352e-03,-8.44776964334317988e-03,-9.14018932504656774e-03,-9.87750075618554040e-03,-1.06605819302936951e-02,-1.14899588963040082e-02,-1.23657424711942285e-02,-1.32875633323420676e-02,-1.42545072261859758e-02,-1.52650523922469444e-02,-1.63170117418863364e-02,-1.74074824233024818e-02,-1.85328059455841312e-02,-1.96885418710040713e-02,-2.08694582060927961e-02,-2.20695413761287061e-02,-2.32820282823161737e-02,-2.44994620709660278e-02,-2.57137740724251475e-02,-2.69163892805090732e-02,-2.80983576536779599e-02,-2.92505066144880845e-02,-3.03636139608676262e-02,-3.14285931717432354e-02,-3.24366894227254773e-02,-3.33796765594565614e-02,-3.42500540145342716e-02,-3.50412268420960613e-02,-3.57476724535962243e-02,-3.63650765759711905e-02,-3.68904572199206804e-02,-3.73222254736058218e-02,-3.76602242267014276e-02,-3.79057522328907423e-02,-3.80614827518579030e-02,-3.81314312541812597e-02,-3.81207942878187267e-02,-3.80358557062918032e-02,-3.78837616087540768e-02,-3.76723894176367105e-02,-3.74100810863377889e-02,-3.71055002998318603e-02,-3.67673559468183822e-02,-3.64042657659215396e-02,-3.60245106553476954e-02,-3.56359103288023116e-02,-3.52456527859814905e-02,-3.48601758931374184e-02,-3.44851086253391073e-02,-3.41251506028306811e-02,-3.37841161111105820e-02,-3.34649259586783723e-02,-3.31695560160510036e-02,-3.28991763186688296e-02,-3.26541973114232512e-02,-3.24343592264700539e-02,-3.22388324043543506e-02,-3.20663237479196367e-02,-3.19151846708219597e-02,-3.17835162875031441e-02,-3.16692534575764642e-02
1.45944080111155332e-36,1.75291353433208318e-03,1.92292881727048367e-03,2.10933906675811120e-03,2.31370602088974220e-03,2.53773627441115186e-03,2.78329391984391680e-03,3.05241412853420914e-03,3.34731770675069772e-03,3.67042665485542603e-03,4.02438074794138952e-03,4.41205514364528730e-03,4.83657900649490241e-03,5.30135511744294751e-03,5.81008041138538628e-03,6.36676735358111985e-03,6.97576602700877672e-03,7.64178675575877178e-03,8.36992303344115743e-03,9.16567445912975891e-03,1.00349693053989868e-02,1.09841862524454690e-02,1.20201747180755797e-02,1.31502730955946594e-02,1.43823240770807985e-02,1.57246860950350821e-02,1.71862397528356955e-02,1.87763879448135176e-02,2.05050481882225015e-02,2.23826355096402967e-02,2.44200340545161314e-02,2.66285554309881635e-02,2.90198816709106647e-02,3.16059906086983908e-02,3.43990614618868845e-02,3.74113584692489579e-02,4.06550906286518021e-02,4.41422459051375171e-02,4.78843987734319382e-02,5.18924906781231127e-02,5.61765838354743377e-02,6.07455900399406848e-02,6.56069774064603484e-02,7.07664595977256644e-02,7.62276737976370772e-02,8.19918555134845906e-02,8.80575201007303271e-02,9.44201625802229827e-02,1.01071988673026275e-01,1.08001691092740007e-01,1.15194285011066475e-01,1.22631016755829644e-01,1.30289357926461513e-01,1.38143095073233885e-01,1.46162521764038683e-01,1.54314735799326752e-01,1.62564039042907865e-01,1.70872435483851060e-01,1.79200210299151008e-01,1.87506578868205431e-01,1.95750380883514014e-01,2.03890799546414203e-01,2.11888076967164329e-01,2.19704203945295773e-01,2.27303556799156037e-01,2.34653468264363341e-01,2.41724701423195854e-01,2.48491827225763046e-01,2.54933481825717734e-01,2.61032543468829925e-01,2.66776147731476010e-01,2.72155625657521716e-01,2.77166390337989565e-01,2.81807628798925014e-01,2.86082072834287382e-01,2.89995565973673708e-01,2.93556749545407503e-01,2.96776568923097672e-01,2.99667939443043096e-01,3.02245249332666999e-01,3.04524052206523732e-01,3.06520620160521728e-01,3.08251685481284510e-01,3.09734089320323869e-01,3.10984573876221915e-01,3.12019556231259376e-01,3.12854963636626404e-01,3.13506135281554688e-01,3.13987700471183351e-01,3.14313573073915054e-01,3.14496915361442697e-01,3.14550127438564031e-01,3.14484905110038682e-01,3.14312271604076654e-01,3.14042630307021842e-01,3.13685822160499506e-01,3.13251183257801380e-01,3.12747598763643109e-01,3.12183549994521525e-01,3.11567131005781039e-01
-1.73221631981656528e-37,-2.08121877668827557e-04,-2.28314835786733167e-04,-2.50456503815297182e-04,-2.74732804242870947e-04,-3.01346963721408961e-04,-3.30521035121148627e-04,-3.62497535250391517e-04,-3.97541203146837467e-04,-4.35940883123392831e-04,-4.78011535742637835e-04,-5.24096378537973039e-04,-5.74569156523131513e-04,-6.29836540251297520e-04,-6.90340646303871323e-04,-7.56561671497164075e-04,-8.29020627669345509e-04,-9.08282158512176423e-04,-9.94957413391540707e-04,-1.08970694529527366e-03,-1.19324359078494991e-03,-1.30633527893543751e-03,-1.42980770361401336e-03,-1.56454677838930938e-03,-1.71150077773847857e-03,-1.87168204754970696e-03,-2.04616814844081445e-03,-2.23610227126399847e-03,-2.44269273934338838e-03,-2.66721138534110978e-03,-2.91099056316318494e-03,-3.17541852786280918e-03,-3.46193289032032097e-03,-3.77201183021707871e-03,-4.10716273256496282e-03,-4.46890790238039202e-03,-4.85876701207742061e-03,-5.27823595035108433e-03,-5.72876177296259646e-03,-6.21171351517208533e-03,-6.72834869431346468e-03,-7.27977546247353304e-03,-7.86691049698897207e-03,-8.49043290852307016e-03,-9.15073466141315753e-03,-9.84786825367617476e-03,-1.05814926853288853e-02,-1.13508190452840975e-02,-1.21545573316345669e-02,-1.29908665718931112e-02,-1.38573101791422803e-02,-1.47508193067621158e-02,-1.56676665558031468e-02,-1.66034527390571222e-02,-1.75531092325587230e-02,-1.85109182373829513e-02,-1.94705526148188715e-02,-2.04251381088856807e-02,-2.13673357032204553e-02,-2.22894474985161177e-02,-2.31835424401951318e-02,-2.40416021422365719e-02,-2.48556807928450377e-02,-2.56180781836122182e-02,-2.63215182018077497e-02,-2.69593308136173923e-02,-2.75256254283662641e-02,-2.80154550381818621e-02,-2.84249577391542975e-02,-2.87514856405171638e-02,-2.89936854480233423e-02,-2.91515523410584114e-02,-2.92264663245782770e-02,-2.92211406161825421e-02,-2.91395936713510356e-02,-2.89870150453964553e-02,-2.87696719851865054e-02,-2.84947013905476922e-02,-2.81699795050224834e-02,-2.78038556791308372e-02,-2.74050221391223536e-02,-2.69822132144636878e-02,-2.65441092851805283e-02,-2.60990343589010930e-02,-2.56549087873504007e-02,-2.52189929266388620e-02,-2.47978674746638858e-02,-2.43972901182481910e-02,-2.40221423371072065e-02,-2.36764270100821052e-02,-2.33633487480201033e-02,-2.30851138642728208e-02,-2.28431574449363857e-02,-2.26381503201442784e-02,-2.24700700280310410e-02,-2.23382799768418669e-02,-2.22416132470860776e-02,-2.21784578835454681e-02,-2.21468410110710542e-02,-2.21444949855779498e-02
6.37461000206723644e-38,7.67188901419760993e-05,8.41763240293275821e-05,9.23562488663899470e-05,1.01328170670180384e-04,1.11168182302956792e-04,1.21959567325191534e-04,1.33793455032553681e-04,1.46769530143095131e-04,1.60996800642453325e-04,1.76594427284766919e-04,1.93692618170209386e-04,2.12433591658575530e-04,2.32972610610724192e-04,2.55479090550327624e-04,2.80137783777188352e-04,3.07150040704989901e-04,3.36735148699611334e-04,3.69131747411518120e-04,4.04599317972799194e-04,4.43419741404340771e-04,4.85898919082166020e-04,5.32368445139098185e-04,5.83187316551869988e-04,6.38743663495379074e-04,6.99456475448530040e-04,7.65777294166208791e-04,8.38191836533900593e-04,9.17221502432440236e-04,1.00342471336390261e-03,1.09739801708292001e-03,1.19977688181115475e-03,1.31123609085864582e-03,1.43248963478880172e-03,1.56428998390476838e-03,1.70742660919904034e-03,1.86272360555493144e-03,2.03103625767253951e-03,2.21324637228538469e-03,2.41025622762439627e-03,2.62298089048953326e-03,2.85233880410657023e-03,3.09924042242051400e-03,3.36457476677959203e-03,3.64919379159168566e-03,3.95389449892084594e-03,4.27939880898774768e-03,4.62633127881695045e-03,4.99519480908390719e-03,5.38634494382826071e-03,5.79996259482334995e-03,6.23602654241315127e-03,6.69428597445862958e-03,7.17423416849246719e-03,7.67508435271007598e-03,8.19574892702079616e-03,8.73482271826177790e-03,9.29057450170648128e-03,9.86094165541609967e-03,1.04435365564839924e-02,1.10356598599682977e-02,1.16343264661063622e-02,1.22362970811642664e-02,1.28381229902934137e-02,1.34361965206625193e-02,1.40268148986430891e-02,1.46062405322539696e-02,1.51707718364042891e-02,1.57168064777559909e-02,1.62409221708284604e-02,1.67399196599863319e-02,1.72108772984434152e-02,1.76512169371092556e-02,1.80586950143587048e-02,1.84314633302980757e-02,1.87680311070769212e-02,1.90673024943146044e-02,1.93285125011386505e-02,1.95512509054052222e-02,1.97353778224856023e-02,1.98810445317011072e-02,1.99886008604567532e-02,2.00586187094774562e-02,2.00918086739699381e-02,2.00890420328987303e-02,2.00512976646302736e-02,1.99796667957013140e-02,1.98753512886424705e-02,1.97396290625461782e-02,1.95738970727496846e-02,1.93796848769714619e-02,1.91585732487679315e-02,1.89122774722195984e-02,1.86426236202354885e-02,1.83515463732364659e-02,1.80410831654219464e-02,1.77133643278584059e-02,1.73705991955364174e-02,1.70150584162587458e-02,1.66490570203447000e-02
-3.19909601845974756e-37,-3.83844595716276648e-04,-4.21031678044707987e-04,-4.61796228745460773e-04,-5.06477280330832193e-04,-5.55444954021302268e-04,-6.09103098443609437e-04,-6.67892108432138710e-04,-7.32291926680154635e-04,-8.02825228526314475e-04,-8.80060786994570315e-04,-9.64617011195384650e-04,-1.05716564618712106e-03,-1.15843561621235239e-03,-1.26921698566806918e-03,-1.39036500302487762e-03,-1.52280418194439683e-03,-1.66753236080842155e-03,-1.82562466651356079e-03,-1.99823729044966772e-03,-2.18661096383573330e-03,-2.39207399583725487e-03,-2.61604471088332582e-03,-2.86003309230859230e-03,-3.12564140424805665e-03,-3.41456353109048519e-03,-3.72858273278343314e-03,-4.06956747673272497e-03,-4.43946496739386267e-03,-4.84029195762715296e-03,-5.27412239332861361e-03,-5.74307141806950066e-03,-6.24927525151527680e-03,-6.79486645911969375e-03,-7.38194415667762973e-03,-8.01253874814558502e-03,-8.68857088553937583e-03,-9.41180447261058019e-03,-1.01837937161214313e-02,-1.10058244614234177e-02,-1.18788503515238515e-02,-1.28034246809619733e-02,-1.37796292328038247e-02,-1.48070018161445549e-02,-1.58844646848536608e-02,-1.70102564718169619e-02,-1.81818706863261549e-02,-1.93960041535178006e-02,-2.06485190161087087e-02,-2.19344216900580341e-02,-2.32478626908047201e-02,-2.45821596838682599e-02,-2.59298464509134831e-02,-2.72827488952662144e-02,-2.86320881957569176e-02,-2.99686098266557961e-02,-3.12827361263780662e-02,-3.25647358483681024e-02,-3.38049110695858787e-02,-3.49937878894507615e-02,-3.61223100113961942e-02,-3.71820207086711388e-02,-3.81652392665809484e-02,-3.90652104576301659e-02,-3.98762347783877397e-02,-4.05937603560267424e-02,-4.12144624530195597e-02,-4.17362764234884415e-02,-4.21584105491827274e-02,-4.24813157775418004e-02,-4.27066607671375761e-02,-4.28372554998392371e-02,-4.28769656029838950e-02,-4.28306291561515659e-02,-4.27039346637161157e-02,-4.25033178918631238e-02,-4.22358359648735901e-02,-4.19090414133119135e-02,-4.15308749962573012e-02,-4.11095092004761797e-02,-4.06532844967116211e-02,-4.01705100692565931e-02,-3.96694659426581608e-02,-3.91581549111772592e-02,-3.86443766038415890e-02,-3.81354494778563327e-02,-3.76383261727546992e-02,-3.71593472303486244e-02,-3.67043185841219449e-02,-3.62783642825545774e-02,-3.58860350196743769e-02,-3.55310810698442961e-02,-3.52165727601276499e-02,-3.49448629567861574e-02,-3.47175929181133824e-02,-3.45357079788080126e-02,-3.43994826188898373e-02,-3.43085543924033856e-02,-3.42619660978459584e-02,-3.42582117174021136e-02
1.58493316958266403e-36,1.90398842060336736e-03,2.08869366521744794e-03,2.29121806364249170e-03,2.51326057483854158e-03,2.75667806320909446e-03,3.02349914587014476e-03,3.31593908436725489e-03,3.63641576362223667e-03,3.98756679406092867e-03,4.37226776345721758e-03,4.79365165248030276e-03,5.25512941162167846e-03,5.76041167638427932e-03,6.31353157152087559e-03,6.91886852279663487e-03,7.58117295521019800e-03,8.30559170873819246e-03,9.09769394529980069e-03,9.96349725255599866e-03,1.09094935701485509e-02,1.19426744708951132e-02,1.30705552222371117e-02,1.43011969315605132e-02,1.56432259410080737e-02,1.71058494867670358e-02,1.86988664708446113e-02,2.04326720168936070e-02,2.23182542965273505e-02,2.43671819255245337e-02,2.65915800478778268e-02,2.90040930602512743e-02,3.16178317935148778e-02,3.44463028783371997e-02,3.75033179984414280e-02,4.08028808014065866e-02,4.43590494188751613e-02,4.81857728734435276e-02,5.22967001430649225e-02,5.67049613659240115e-02,6.14229215274776363e-02,6.64619081852934751e-02,7.18319160759606501e-02,7.75412930482579227e-02,8.35964134693269467e-02,9.00013470481691030e-02,9.67575327954074138e-02,1.03863469461229568e-01,1.11314435063861336e-01,1.19102249250909772e-01,1.27215091701527117e-01,1.35637390307462663e-01,1.44349790412353879e-01,1.53329214539775466e-01,1.62549018585545102e-01,1.71979246419084575e-01,1.81586979480839017e-01,1.91336777800599211e-01,2.01191191828404170e-01,2.11111338667716364e-01,2.21057515003002164e-01,2.30989834195972132e-01,2.40868850185856270e-01,2.50656163096811824e-01,2.60314972117231702e-01,2.69810581391532467e-01,2.79110806310585546e-01,2.88186318198089209e-01,2.97010884541916320e-01,3.05561567488642549e-01,3.13818766661451143e-01,3.21766245977456899e-01,3.29391122701861105e-01,3.36683692169765125e-01,3.43637365522819593e-01,3.50248415830345383e-01,3.56515856246665819e-01,3.62441162116432569e-01,3.68028105097671421e-01,3.73282498064159418e-01,3.78211974288150010e-01,3.82825804829720451e-01,3.87134590740084106e-01,3.91150199128481368e-01,3.94885338242820849e-01,3.98353631779658879e-01,4.01569087966659577e-01,4.04546270356287707e-01,4.07299751336984039e-01,4.09844260392097648e-01,4.12194267460079089e-01,4.14363968993393339e-01,4.16367132396552986e-01,4.18216970995952841e-01,4.19926046307615708e-01,4.21506190295289407e-01,4.22968448222174775e-01,4.24323042105724579e-01,4.25579354158282963e-01,4.26746001326618440e-01
4.01279014430863007e-37,4.81982265346845890e-04,5.28730999509145956e-04,5.79988062751997640e-04,6.36182952291124539e-04,6.97785011433567554e-04,7.65306908359382173e-04,8.39308373820387820e-04,9.20400207468052866e-04,1.00924856056776812e-03,1.10657950020235144e-03,1.21318385656673188e-03,1.32992235043853896e-03,1.45773099218097536e-03,1.59762673647372683e-03,1.75071336812623597e-03,1.91818758352987678e-03,2.10134521925068804e-03,2.30158756363011037e-03,2.52042766871118755e-03,2.75949655800192956e-03,3.02054920019819133e-03,3.30547008978484798e-03,3.61627824167685876e-03,3.95513137053085054e-03,4.32432898193569389e-03,4.72631405848900846e-03,5.16367297380725902e-03,5.63913321624064188e-03,6.15555845148586106e-03,6.71594040180231201e-03,7.32338697188997939e-03,7.98110601131373984e-03,8.69238407524184319e-03,9.46055953479430986e-03,1.02889894020678063e-02,1.11810092804232805e-02,1.21398859360854587e-02,1.31687621187687627e-02,1.42705934640454356e-02,1.54480775237481292e-02,1.67035753565509329e-02,1.80390264437471394e-02,1.94558581872657718e-02,2.09548917506056191e-02,2.25362465569066521e-02,2.41992463214790142e-02,2.59423300342297401e-02,2.77629717318317384e-02,2.96576135298510721e-02,3.16216157895763614e-02,3.36492294223616692e-02,3.57335939219677046e-02,3.78667647038066144e-02,4.00397722118352173e-02,4.22427140622098976e-02,4.44648795388564999e-02,4.66949074314634213e-02,4.89209673848849322e-02,5.11309674708404424e-02,5.33127751135540340e-02,5.54544512820985894e-02,5.75444770854385557e-02,5.95719791023983439e-02,6.15269329893770381e-02,6.34003539765479740e-02,6.51844392299321396e-02,6.68726915462344307e-02,6.84599948450043821e-02,6.99426694712259184e-02,7.13184532484158196e-02,7.25864793061633401e-02,7.37472152352591365e-02,7.48023476698359141e-02,7.57546822627676586e-02,7.66079890827744692e-02,7.73668619611343755e-02,7.80365624528966267e-02,7.86228482204168327e-02,7.91318540365601869e-02,7.95698914210870856e-02,7.99434028139218156e-02,8.02587308003745309e-02,8.05221657967764293e-02,8.07396932528676725e-02,8.09171194400949839e-02,8.10598351107204157e-02,8.11729519320889686e-02,8.12611629028637678e-02,8.13288174315262430e-02,8.13797726950617473e-02,8.14176245510095237e-02,8.14455570681618946e-02,8.14663927731383297e-02,8.14826041502281356e-02,8.14963258991204670e-02,8.15093678757195100e-02,8.15232289463307808e-02,8.15391121595731572e-02,8.15579862242627324e-02
-1.63078075474565497e-37,-1.95668447491730843e-04,-2.14624798867207449e-04,-2.35404768175020160e-04,-2.58181175211165794e-04,-2.83142687080005257e-04,-3.10495163425474530e-04,-3.40463093570452598e-04,-3.73291127006989223e-04,-4.09245697441009109e-04,-4.48616739001160818e-04,-4.91719491204616207e-04,-5.38896386755343651e-04,-5.90519013145572049e-04,-6.46990135241952576e-04,-7.08745761458321735e-04,-7.76257230633174049e-04,-8.50033290222554144e-04,-9.30622128767011141e-04,-1.01861331667695574e-03,-1.11463959909827159e-03,-1.21937847288552319e-03,-1.33355346639562212e-03,-1.45793502659678493e-03,-1.59334090044767449e-03,-1.74063588231738835e-03,-1.90073077894631066e-03,-2.07458042596295623e-03,-2.26318057133380497e-03,-2.46756342423603333e-03,-2.68879165356156451e-03,-2.92795061029709706e-03,-3.18613854442453782e-03,-3.46445459218294640e-03,-3.76398432632114779e-03,-4.08578269342970649e-03,-4.43085421179829214e-03,-4.80013037365380809e-03,-5.19444429000574023e-03,-5.61450273495235717e-03,-6.06085589743520295e-03,-6.53386531192095502e-03,-7.03367064095565889e-03,-7.56015618524197384e-03,-8.11291821046060575e-03,-8.69123438178828235e-03,-9.29403677144862578e-03,-9.91989003106874892e-03,-1.05669763941574520e-02,-1.12330890276740106e-02,-1.19156354271591682e-02,-1.26116517907765898e-02,-1.33178293940294130e-02,-1.40305532282990406e-02,-1.47459526694948568e-02,-1.54599632998203024e-02,-1.61683984864700384e-02,-1.68670278556032165e-02,-1.75516619175893861e-02,-1.82182375422985897e-02,-1.88629031273245783e-02,-1.94820982346977853e-02,-2.00726285656502197e-02,-2.06317292960134027e-02,-2.11571183366318881e-02,-2.16470345871344373e-02,-2.21002664784345181e-02,-2.25161628806917063e-02,-2.28946317792085921e-02,-2.32361251769888331e-02,-2.35416136650993084e-02,-2.38125457562334136e-02,-2.40508024622024669e-02,-2.42586371942063242e-02,-2.44386147563241708e-02,-2.45935383686944654e-02,-2.47263802095712207e-02,-2.48402024534990461e-02,-2.49380876840954759e-02,-2.50230634102006286e-02,-2.50980398333427342e-02,-2.51657492620134364e-02,-2.52286964425618120e-02,-2.52891232595885904e-02,-2.53489746603792754e-02,-2.54098921881225175e-02,-2.54731999192106574e-02,-2.55399164981081235e-02,-2.56107726085139237e-02,-2.56862278460618931e-02,-2.57664711245385730e-02,-2.58515150328099581e-02,-2.59411771715947516e-02,-2.60351258788555015e-02,-2.61329107581928857e-02,-2.62339910732398707e-02,-2.63377615003531906e-02,-2.64435750296947644e-02,-2.65507630319886216e-02,-2.66586663429542459e-02
1.45885656221639622e-37,1.75308843632890918e-04,1.92321448015145860e-04,2.10976535197672158e-04,2.31430956727478191e-04,2.53856193919653234e-04,2.78439651646487213e-04,3.05386052103727738e-04,3.34918933249304246e-04,3.67282256127316159e-04,4.02742124596707992e-04,4.41588620034303497e-04,4.84137752323199929e-04,5.30733526809785711e-04,5.81750124847698171e-04,6.37594192968708295e-04,6.98707232544662797e-04,7.65568077940129285e-04,8.38695446505452924e-04,9.18650538224777594e-04,1.00603965631412178e-03,1.10151681246783116e-03,1.20578627174246851e-03,1.31960498182726971e-03,1.44378482100654230e-03,1.57919458557461887e-03,1.72676162505542219e-03,1.88747301861724834e-03,2.06237617134757533e-03,2.25257869404855851e-03,2.45924741584402622e-03,2.68360636602195043e-03,2.92693355131247749e-03,3.19055634862345410e-03,3.47584533278807442e-03,3.78420636602418451e-03,4.11707079263634416e-03,4.47588361114653957e-03,4.86208953588180507e-03,5.27711693512776612e-03,5.72235966047886322e-03,6.19915694599632982e-03,6.70877159404811765e-03,7.25236682095707023e-03,7.83098224763995737e-03,8.44550964405543086e-03,9.09666914550695191e-03,9.78498674234234457e-03,1.05107738619215126e-02,1.12741100139065950e-02,1.20748289477330510e-02,1.29125092910748456e-02,1.37864697823103961e-02,1.46957692489330626e-02,1.56392110136475658e-02,1.66153510335905925e-02,1.76225084912384131e-02,1.86587786061400522e-02,1.97220433987652412e-02,2.08099819766101070e-02,2.19200762256147562e-02,2.30496132695913042e-02,2.41956798189077830e-02,2.53551532195920408e-02,2.65246861016793616e-02,2.77006903229226366e-02,2.88793150325873868e-02,3.00564306216854794e-02,3.12276158604063124e-02,3.23881530964983747e-02,3.35330321170469528e-02,3.46569729660468548e-02,3.57544512340643231e-02,3.68197563854177831e-02,3.78470404776325292e-02,3.88304089469136207e-02,3.97639845809800718e-02,4.06420247181877234e-02,4.14589841361133818e-02,4.22096472426779154e-02,4.28891748388587138e-02,4.34932340315269950e-02,4.40180247462719290e-02,4.44603822518322353e-02,4.48177976835170896e-02,4.50884605651421036e-02,4.52713031237296989e-02,4.53659530424769669e-02,4.53728273755432190e-02,4.52930147317522416e-02,4.51282941821100625e-02,4.48811781627734413e-02,4.45547898700201159e-02,4.41528521174484601e-02,4.36796412252758379e-02,4.31399355372811127e-02,4.25389586655293139e-02,4.18823175327001987e-02,4.11759353642144471e-02,4.04259463783825865e-02
-1.98441992901807180e-37,-2.38470713869751139e-04,-2.61613303784751373e-04,-2.86990288313872005e-04,-3.14815058269559886e-04,-3.45320908902899593e-04,-3.78762799879453244e-04,-4.15419251027620391e-04,-4.55594380126485548e-04,-4.99620088296528608e-04,-5.47858397549776869e-04,-6.00703943678799449e-04,-6.58586625837963443e-04,-7.21974411804902905e-04,-7.91376294900960090e-04,-8.67345394777923186e-04,-9.50482189611324252e-04,-1.04143786152960404e-03,-1.14091773019118700e-03,-1.24968474112342504e-03,-1.36856296557508281e-03,-1.49844105702082913e-03,-1.64027559598154153e-03,-1.79509423872594234e-03,-1.96399856878586975e-03,-2.14816652809964427e-03,-2.34885428387071864e-03,-2.56739736148610398e-03,-2.80521084745776784e-03,-3.06378843810065690e-03,-3.34470008064774969e-03,-3.64958792469733924e-03,-3.98016027467628861e-03,-4.33818321020513695e-03,-4.72546952317113352e-03,-5.14386461077703892e-03,-5.59522896618663834e-03,-6.08141692646462385e-03,-6.60425137391950929e-03,-7.16549415986341472e-03,-7.76681208142622308e-03,-8.40973841181056996e-03,-9.09563010026703984e-03,-9.82562097872711343e-03,-1.06005715363868130e-02,-1.14210160888500410e-02,-1.22871084574132095e-02,-1.31985675762018202e-02,-1.41546247253593258e-02,-1.51539744888675078e-02,-1.61947314234119691e-02,-1.72743951144671525e-02,-1.83898258626290362e-02,-1.95372334614439154e-02,-2.07121812406949185e-02,-2.19096072084892478e-02,-2.31238635129096606e-02,-2.43487756079750241e-02,-2.55777192997663078e-02,-2.68037169385367292e-02,-2.80195491221946827e-02,-2.92178810372895545e-02,-3.03913966030838999e-02,-3.15329401035455703e-02,-3.26356575376742508e-02,-3.36931347327842357e-02,-3.46995230373616861e-02,-3.56496528248695030e-02,-3.65391282509774512e-02,-3.73643922298581704e-02,-3.81227742440373996e-02,-3.88125094710999596e-02,-3.94327103859554509e-02,-3.99833517327486052e-02,-4.04651771033284202e-02,-4.08796457325161372e-02,-4.12287940702251582e-02,-4.15151647847699021e-02,-4.17416426175975311e-02,-4.19113882256787473e-02,-4.20276755562376814e-02,-4.20938425181790823e-02,-4.21131646404196772e-02,-4.20888142807833640e-02,-4.20238104438105040e-02,-4.19209582464016225e-02,-4.17829088695598760e-02,-4.16120486687605040e-02,-4.14106743725195167e-02,-4.11808571053351585e-02,-4.09245505068768778e-02,-4.06436970437063505e-02,-4.03401632431025156e-02,-4.00158101482206013e-02,-3.96725226791657185e-02,-3.93122321110827774e-02,-3.89369305641742436e-02,-3.85486770156184197e-02,-3.81495949182390354e-02,-3.77418192990713192e-02
-3.76247777134380923e-37,-4.51695055634778364e-04,-4.95482594664383488e-04,-5.43488114208128697e-04,-5.96112483405961298e-04,-6.53793565732473407e-04,-7.17009408856271869e-04,-7.86281663491639562e-04,-8.62179237822770076e-04,-9.45322191820698499e-04,-1.03638587279643573e-03,-1.13610528969840360e-03,-1.24527971880554109e-03,-1.36477752740554628e-03,-1.49554119457502230e-03,-1.63859249906844360e-03,-1.79503783333032378e-03,-1.96607358950972753e-03,-2.15299154781017866e-03,-2.35718417928527674e-03,-2.58014975404267195e-03,-2.82349712153552590e-03,-3.08895000196750778e-03,-3.37835059750811158e-03,-3.69366229636035066e-03,-4.03697120807168866e-03,-4.41048622688938134e-03,-4.81653728041877335e-03,-5.25757137960599242e-03,-5.73614604711204616e-03,-6.25491966649810091e-03,-6.81663826759035772e-03,-7.42411824795171510e-03,-8.08022453137373191e-03,-8.78784368729304717e-03,-9.54985158623827997e-03,-1.03690752524000195e-02,-1.12482487017138300e-02,-1.21899627276968042e-02,-1.31966088265179967e-02,-1.42703177250926849e-02,-1.54128933169915376e-02,-1.66257431798933694e-02,-1.79098072612099528e-02,-1.92654867393151456e-02,-2.06925754751556973e-02,-2.21901968270981978e-02,-2.37567488704453315e-02,-2.53898612063979644e-02,-2.70863664404479287e-02,-2.88422893580885277e-02,-3.06528560026361821e-02,-3.25125244561346935e-02,-3.44150379759214919e-02,-3.63535000644018141e-02,-3.83204697949764486e-02,-4.03080744298281168e-02,-4.23081350821107802e-02,-4.43123010170926174e-02,-4.63121857836337955e-02,-4.82995002258917797e-02,-5.02661750397933108e-02,-5.22044708876302013e-02,-5.41070675303179233e-02,-5.59671320984860138e-02,-5.77783629586946790e-02,-5.95350126963260853e-02,-6.12318860812402360e-02,-6.28643174881536315e-02,-6.44281397919762022e-02,-6.59196303277982676e-02,-6.73354513163973711e-02,-6.86726045725449402e-02,-6.99283498967106093e-02,-7.11001740321073467e-02,-7.21857184007299590e-02,-7.31827677345313204e-02,-7.40891958058517985e-02,-7.49029838562282890e-02,-7.56221877806269871e-02,-7.62449890249258383e-02,-7.67696842540611935e-02,-7.71947641085180547e-02,-7.75189239638111177e-02,-7.77411599945028869e-02,-7.78607966044340960e-02,-7.78775853093044423e-02,-7.77917425820223579e-02,-7.76040327847779127e-02,-7.73158070989747315e-02,-7.69290805755481477e-02,-7.64465246030239798e-02,-7.58715168768550469e-02,-7.52081396239130812e-02,-7.44611687622588336e-02,-7.36360460060759975e-02,-7.27388340031176195e-02,-7.17761551853415697e-02,-7.07551155986652219e-02,-6.96831785365512463e-02
-2.65088658373812280e-37,-3.18162021891215166e-04,-3.48995859980343233e-04,-3.82798043527941237e-04,-4.19850304703971405e-04,-4.60460298326782649e-04,-5.04963820857787216e-04,-5.53727185106905016e-04,-6.07149754194222994e-04,-6.65666636516747492e-04,-7.29751541131881437e-04,-7.99919789985546010e-04,-8.76731479662018931e-04,-9.60794780678364568e-04,-1.05276935663678375e-03,-1.15336987861624466e-03,-1.26336960185000719e-03,-1.38360396180742143e-03,-1.51497413508167402e-03,-1.65845049678773628e-03,-1.81507589031984235e-03,-1.98596860715905509e-03,-2.17232495383167922e-03,-2.37542126036134052e-03,-2.59661515869614697e-03,-2.83734593316038123e-03,-3.09913371522755991e-03,-3.38357726563440035e-03,-3.69235005720131015e-03,-4.02719434398562774e-03,-4.38991287837013199e-03,-4.78235791995172948e-03,-5.20641717180600483e-03,-5.66399628465827885e-03,-6.15699759209010350e-03,-6.68729478505496709e-03,-7.25670330687256358e-03,-7.86694635569627591e-03,-8.51961652414303001e-03,-9.21613329464897151e-03,-9.95769682496276676e-03,-1.07452387435141329e-02,-1.15793709634490760e-02,-1.24603338621358788e-02,-1.33879455090118622e-02,-1.43615539497297471e-02,-1.53799948362701340e-02,-1.64415568968599157e-02,-1.75439578370028132e-02,-1.86843331407842393e-02,-1.98592401565495895e-02,-2.10646791319306359e-02,-2.22961324333217359e-02,-2.35486221672985691e-02,-2.48167854240050577e-02,-2.60949652164927555e-02,-2.73773141772405137e-02,-2.86579060983721025e-02,-2.99308521621455687e-02,-3.11904141117390274e-02,-3.24311106608513380e-02,-3.36478094284559173e-02,-3.48358041138997071e-02,-3.59908686536640626e-02,-3.71092908228102605e-02,-3.81878793313852813e-02,-3.92239564113224665e-02,-4.02153267136690223e-02,-4.11602372077976564e-02,-4.20573179087352991e-02,-4.29055373153655051e-02,-4.37041456215521776e-02,-4.44526161364025424e-02,-4.51506254445965052e-02,-4.57980012036121945e-02,-4.63947268913148941e-02,-4.69409092998258545e-02,-4.74368002335467803e-02,-4.78827804837509349e-02,-4.82793824297043858e-02,-4.86272888294581873e-02,-4.89273332022619675e-02,-4.91805202666663888e-02,-4.93879798517901439e-02,-4.95510238534346351e-02,-4.96710388265075575e-02,-4.97495897764512474e-02,-4.97882616436478645e-02,-4.97887941644522616e-02,-4.97529251554020974e-02,-4.96824808889993544e-02,-4.95793366229030572e-02,-4.94453994900948060e-02,-4.92826189243070686e-02,-4.90929895626630169e-02,-4.88785555088169926e-02,-4.86414144766595946e-02,-4.83837203243330238e-02,-4.81076826453525272e-02,-4.78155288500014680e-02
2.33213028599684082e-37,2.79824399599021756e-04,3.06934277708926465e-04,3.36652248610616145e-04,3.69225493676287014e-04,4.04923863895459955e-04,4.44041804830984084e-04,4.86900413183037769e-04,5.33849627038771035e-04,5.85270550109942122e-04,6.41577907975732198e-04,7.03222631454480593e-04,7.70694558614347749e-04,8.44525242472466743e-04,9.25290845984382210e-04,1.01361509933602513e-03,1.11017228665272541e-03,1.21569021985874054e-03,1.33095314637732840e-03,1.45680452448087422e-03,1.59414958522271317e-03,1.74395758287739346e-03,1.90726361660455384e-03,2.08516988462731714e-03,2.27884620869687549e-03,2.48952964122960835e-03,2.71852294075133633e-03,2.96719167383616622e-03,3.23695967465143257e-03,3.52930256793343574e-03,3.84573903961895691e-03,4.18781952386958114e-03,4.55711196885505172e-03,4.95518435001666112e-03,5.38358362279784015e-03,5.84381085168131451e-03,6.33729232378793094e-03,6.86534655825441365e-03,7.42914725992592506e-03,8.02968245520678005e-03,8.66771023921589917e-03,9.34371186714265042e-03,1.00578431787846888e-02,1.08098856897390870e-02,1.15991990096825457e-02,1.24246765735960135e-02,1.32847069600931251e-02,1.41771432910780537e-02,1.50992833006128140e-02,1.60478627691508779e-02,1.70190644831307407e-02,1.80085449866481048e-02,1.90114803440003394e-02,2.00226315714721603e-02,2.10364293457837026e-02,2.20470765058026798e-02,2.30486653782548054e-02,2.40353077625991285e-02,2.50012695486168633e-02,2.59411082594456742e-02,2.68498047221811080e-02,2.77228855554004124e-02,2.85565272997934522e-02,2.93476409157821354e-02,3.00939294341433135e-02,3.07939219857787834e-02,3.14469734172401552e-02,3.20532402242584419e-02,3.26136239448410123e-02,3.31297091803459329e-02,3.36036540376663112e-02,3.40380826940636580e-02,3.44359913389787747e-02,3.48005888790505272e-02,3.51352201246697207e-02,3.54432088003269474e-02,3.57277987599420171e-02,3.59920156035325040e-02,3.62386389278410784e-02,3.64700922753310383e-02,3.66884469620242792e-02,3.68953503764567134e-02,3.70920482351613442e-02,3.72793640030373644e-02,3.74577161786149720e-02,3.76271620158583134e-02,3.77873867780156997e-02,3.79378157337992364e-02,3.80775681678230254e-02,3.82056051335882482e-02,3.83207428146670956e-02,3.84216731168019604e-02,3.85070800134834287e-02,3.85756781539748489e-02,3.86262699155205044e-02,3.86577990050529438e-02,3.86693990009280286e-02,3.86604352399763790e-02,3.86305385648420263e-02,3.85796338301701430e-02
5.03032879769027062e-37,6.03912474139072473e-04,6.62456883508780745e-04,7.26640930160802516e-04,7.97000619830660179e-04,8.74121426877551267e-04,9.58642559782910022e-04,1.05126153266642025e-03,1.15273905149951327e-03,1.26390422062385007e-03,1.38566007113365402e-03,1.51898940746004931e-03,1.66496096187783459e-03,1.82473583838472218e-03,1.99957421719291432e-03,2.19084227860399505e-03,2.40001928996236118e-03,2.62870478132668645e-03,2.87862571407292416e-03,3.15164352145182007e-03,3.44976087078841800e-03,3.77512796319121003e-03,4.13004814810161592e-03,4.51698258635893201e-03,4.93855364770069780e-03,5.39754667493142458e-03,5.89690969105013171e-03,6.43975056569182427e-03,7.02933109683144455e-03,7.66905740452656845e-03,8.36246597904048532e-03,9.11320468032581280e-03,9.92500795506835211e-03,1.08016655280395966e-02,1.17469838443809184e-02,1.27647395977889024e-02,1.38586247864251368e-02,1.50321829041901167e-02,1.62887361093202836e-02,1.76313035291589884e-02,1.90625112453386251e-02,2.05844950043039578e-02,2.21987972448801744e-02,2.39062606765926729e-02,2.57069213170715988e-02,2.75999045858061620e-02,2.95833287039645558e-02,3.16542202079420978e-02,3.38084467600225230e-02,3.60406727295537813e-02,3.83443425203730676e-02,4.07116966541313380e-02,4.31338241988913490e-02,4.56007540812517487e-02,4.81015860090798150e-02,5.06246597022153855e-02,5.31577586831414942e-02,5.56883439688210108e-02,5.82038069543144923e-02,6.06917350605209113e-02,6.31401763182448811e-02,6.55378942148513999e-02,6.78745960995803810e-02,7.01411306026235720e-02,7.23296403296303930e-02,7.44336685857318464e-02,7.64482068511512514e-02,7.83696938164568924e-02,8.01959605715221874e-02,8.19261299776273544e-02,8.35604733175275283e-02,8.51002445719450246e-02,8.65474813938311160e-02,8.79048155845836288e-02,8.91752599003802632e-02,9.03620352692748596e-02,9.14683774199531036e-02,9.24974170198141904e-02,9.34520258486930266e-02,9.43347715937306736e-02,9.51478109301294034e-02,9.58929214094229598e-02,9.65714429129850838e-02,9.71843666539180390e-02,9.77323304837807438e-02,9.82157230001254600e-02,9.86347478569214869e-02,9.89894882155657879e-02,9.92800576575999655e-02,9.95066098465665905e-02,9.96694229889026617e-02,9.97690910981144791e-02,9.98064744424383421e-02,9.97827893392966708e-02,9.96996486193001408e-02,9.95590875235060624e-02,9.93635745110924978e-02,9.91160069599189703e-02,9.88196922382659076e-02,9.84782700581943171e-02
-1.80105024736257523e-37,-2.15895648176913176e-04,-2.36789948546504525e-04,-2.59689871111208029e-04,-2.84784575687082155e-04,-3.12280379883131582e-04,-3.42402175800591755e-04,-3.75394934569010645e-04,-4.11525297656514008e-04,-4.51083252023526252e-04,-4.94383883840509501e-04,-5.41769202571714499e-04,-5.93610023637275680e-04,-6.50307893491565382e-04,-7.12297035670734786e-04,-7.80046290029452771e-04,-8.54061009859216668e-04,-9.34884872705061621e-04,-1.02310155031968891e-03,-1.11933617116596580e-03,-1.22425649506944655e-03,-1.33857370393249478e-03,-1.46304269477765523e-03,-1.59846174202149592e-03,-1.74567137416486496e-03,-1.90555228796474886e-03,-2.07902209875188322e-03,-2.26703070181623638e-03,-2.47055399632400323e-03,-2.69058570202834616e-03,-2.92812698179631837e-03,-3.18417357205186095e-03,-3.45970012151659541e-03,-3.75564144956781190e-03,-4.07287046311655826e-03,-4.41217251957822659e-03,-4.77421609797563928e-03,-5.15951974518003616e-03,-5.56841540330803037e-03,-6.00100840621280857e-03,-6.45713463943519469e-03,-6.93631562984151507e-03,-7.43771260652427869e-03,-7.96008089713702051e-03,-8.50172634689751357e-03,-9.06046576405882161e-03,-9.63359367705281071e-03,-1.02178579045360558e-02,-1.08094465523043710e-02,-1.14039890526768939e-02,-1.19965736437979975e-02,-1.25817833598743257e-02,-1.31537520061555564e-02,-1.37062408436105353e-02,-1.42327357780094726e-02,-1.47265638008572033e-02,-1.51810262269672560e-02,-1.55895456977867553e-02,-1.59458218629047258e-02,-1.62439913008369657e-02,-1.64787855936951930e-02,-1.66456819852435281e-02,-1.67410411813794686e-02,-1.67622266840466889e-02,-1.67077014718759846e-02,-1.65770994634706209e-02,-1.63712682435157089e-02,-1.60922824494039336e-02,-1.57434252355020295e-02,-1.53291492990765190e-02,-1.48549977369686250e-02,-1.43275044460862422e-02,-1.37540884535071375e-02,-1.31428906503451709e-02,-1.25026444314334170e-02,-1.18424794090226902e-02,-1.11717766559763232e-02,-1.04999535561758461e-02,-9.83632450068672864e-03,-9.18988213363502483e-03,-8.56918210722962433e-03,-7.98214061798230810e-03,-7.43595401019653875e-03,-6.93693830566553555e-03,-6.49048109800301563e-03,-6.10095288328693468e-03,-5.77167522486069125e-03,-5.50492971775825950e-03,-5.30192242283219605e-03,-5.16287869667421493e-03,-5.08709330165060206e-03,-5.07293261272117810e-03,-5.11799828038989393e-03,-5.21920222852795875e-03,-5.37287263746764714e-03,-5.57486360085605523e-03,-5.82066532225760519e-03,-6.10551204924835150e-03,-6.42448533075754783e-03,-6.77260709567994307e-03
-2.58868887618602924e-37,-3.10123841766799207e-04,-3.40117451578630741e-04,-3.72986019798013390e-04,-4.08999858021103825e-04,-4.48453622838763282e-04,-4.91668289059767451e-04,-5.38993236815627093e-04,-5.90808448654085955e-04,-6.47526809610332274e-04,-7.09596499363187140e-04,-7.77503460799414277e-04,-8.51773923466274266e-04,-9.32976953315659886e-04,-1.02172699163984027e-03,-1.11868633596030149e-03,-1.22456750363596841e-03,-1.34013540487694046e-03,-1.46620923545846761e-03,-1.60366398051566840e-03,-1.75343139918359781e-03,-1.91650033540774825e-03,-2.09391617293333207e-03,-2.28677922255429798e-03,-2.49624179681161079e-03,-2.72350369337696950e-03,-2.96980577223956250e-03,-3.23642127661844664e-03,-3.52464451384534210e-03,-3.83577648313997112e-03,-4.17110701519752495e-03,-4.53189297772002564e-03,-4.91933210620667302e-03,-5.33453204611890851e-03,-5.77847424743878953e-03,-6.25197244280182619e-03,-6.75562557333344704e-03,-7.28976520945066441e-03,-7.85439775246773303e-03,-8.44914201203340529e-03,-9.07316309845839636e-03,-9.72510402515647764e-03,-1.04030168656948554e-02,-1.11042958385965309e-02,-1.18256152124977965e-02,-1.25628754256415735e-02,-1.33111612470400292e-02,-1.40647161205391651e-02,-1.48169369583571846e-02,-1.55603936150381320e-02,-1.62868767374258414e-02,-1.69874771826609046e-02,-1.76526989626025511e-02,-1.82726063747261636e-02,-1.88370042739872574e-02,-1.93356485591041037e-02,-1.97584817597546668e-02,-2.00958878263919893e-02,-2.03389558344203338e-02,-2.04797446827147400e-02,-2.05115367725225532e-02,-2.04290708691535344e-02,-2.02287430317466856e-02,-1.99087669155440239e-02,-1.94692852734709501e-02,-1.89124301929419827e-02,-1.82423251298256331e-02,-1.74650325337915337e-02,-1.65884433836741632e-02,-1.56221344515285049e-02,-1.45771588536961864e-02,-1.34658139076698612e-02,-1.23014130537163601e-02,-1.10979728203162015e-02,-9.86998555812603796e-03,-8.63209296376551451e-03,-7.39887917785698058e-03,-6.18455885671670251e-03,-5.00281992405782715e-03,-3.86654591347820095e-03,-2.78771915822129427e-03,-1.77719918071322491e-03,-8.44671967582402835e-04,1.48371341915885675e-06,7.54241676878626504e-04,1.40793253508045431e-03,1.95833658505645530e-03,2.40252756338509834e-03,2.73904251458616157e-03,2.96761889646368670e-03,3.08922581145172582e-03,3.10607993170883626e-03,3.02141938107129433e-03,2.83945415325173502e-03,2.56526082075275285e-03,2.20467135965455923e-03,1.76415756824564274e-03,1.25071252428094804e-03,6.71730538071410393e-04,3.48202076781142978e-05
1.85589884876950740e-37,2.22811005123376582e-04,2.44411006224216876e-04,2.68091819162881873e-04,2.94051224547889974e-04,3.22505260046193512e-04,3.53689795572984900e-04,3.87862221758380262e-04,4.25303254992295376e-04,4.66318861242071058e-04,5.11242299377851470e-04,5.60436282858054022e-04,6.14295256241017607e-04,6.73247780007944384e-04,7.37759013504409120e-04,8.08333281320400190e-04,8.85516703009499068e-04,9.69899859566154560e-04,1.06212046240107875e-03,1.16286598154382139e-03,1.27287617933102230e-03,1.39294548379836490e-03,1.52392512228360054e-03,1.66672492049991790e-03,1.82231465497358926e-03,1.99172482873706579e-03,2.17604671988775710e-03,2.37643153229067337e-03,2.59408845682114041e-03,2.83028143147060320e-03,3.08632437046145068e-03,3.36357461779191206e-03,3.66342437128325694e-03,3.98728982154610695e-03,4.33659775901722080e-03,4.71276942435818087e-03,5.11720141627306987e-03,5.55124352942557540e-03,6.01617347507011051e-03,6.51316855273966714e-03,7.04327445009276642e-03,7.60737154333787201e-03,8.20613921986215571e-03,8.84001896318604985e-03,9.50917714426578568e-03,1.02134686706648586e-02,1.09524028336890136e-02,1.17251128458818483e-02,1.25303306436788803e-02,1.33663686264870862e-02,1.42311097465768182e-02,1.51220074491478455e-02,1.60360964529841984e-02,1.69700150925653215e-02,1.79200394329604752e-02,1.88821288382180937e-02,1.98519818589566292e-02,2.08251021635646426e-02,2.17968703096961362e-02,2.27626215980628981e-02,2.37177255092791799e-02,2.46576658627555810e-02,2.55781167050402117e-02,2.64750136219679029e-02,2.73446158826115039e-02,2.81835624512076360e-02,2.89889115691061537e-02,2.97581718749541854e-02,3.04893144490906987e-02,3.11807892467130254e-02,3.18314993150519351e-02,3.24407793262312394e-02,3.30083844550449201e-02,3.35344070831461796e-02,3.40192680855283675e-02,3.44636139242855827e-02,3.48683010091800638e-02,3.52342867008596725e-02,3.55626152488971586e-02,3.58543192118737780e-02,3.61104067483695237e-02,3.63317980898552675e-02,3.65193008154599333e-02,3.66736116377566201e-02,3.67952561595983815e-02,3.68846808443258137e-02,3.69421394965205388e-02,3.69678741300369859e-02,3.69619613009437645e-02,3.69245212176799800e-02,3.68556471122046467e-02,3.67554467580055930e-02,3.66241309348192337e-02,3.64620317085414467e-02,3.62696392823536259e-02,3.60476346498296088e-02,3.57969166739685249e-02,3.55186223540371326e-02,3.52141392325289806e-02,3.48851351309120358e-02
-4.36855129177571069e-37,-5.24340672551103226e-04,-5.75158128825730992e-04,-6.30868196957729780e-04,-6.91935333813370143e-04,-7.58866747960358114e-04,-8.32216062026449070e-04,-9.12587232468702351e-04,-1.00063873265893925e-03,-1.09708800221206752e-03,-1.20271616160090968e-03,-1.31837298613453747e-03,-1.44498212712074105e-03,-1.58354656025330547e-03,-1.73515423169800240e-03,-1.90098386070610597e-03,-2.08231084354189560e-03,-2.28051318672917776e-03,-2.49707737774413621e-03,-2.73360407794562754e-03,-2.99181349539031369e-03,-3.27355026391497545e-03,-3.58078761921314364e-03,-3.91563062265559616e-03,-4.28031813858095137e-03,-4.67722322263203899e-03,-5.10885152568514144e-03,-5.57783726322570814e-03,-6.08693624380599301e-03,-6.63901539524875545e-03,-7.23703817639925751e-03,-7.88404521942096849e-03,-8.58312951785665697e-03,-9.33740546504322963e-03,-1.01499710632267596e-02,-1.10238626741858310e-02,-1.19620017764919210e-02,-1.29671333423031412e-02,-1.40417556562385474e-02,-1.51880416863625391e-02,-1.64077524611226065e-02,-1.77021433670793947e-02,-1.90718647766954900e-02,-2.05168590078609742e-02,-2.20362562419201373e-02,-2.36282726743952363e-02,-2.52901147984796910e-02,-2.70178942765468173e-02,-2.88065582702113215e-02,-3.06498403985567235e-02,-3.25402373193863989e-02,-3.44690158309505917e-02,-3.64262545259185222e-02,-3.84009231047491573e-02,-4.03810010478158760e-02,-4.23536356743044462e-02,-4.43053375340747083e-02,-4.62222101596786797e-02,-4.80902065552774663e-02,-4.98954068589141583e-02,-5.16243065734796544e-02,-5.32641067680566516e-02,-5.48029937529753916e-02,-5.62303997532144981e-02,-5.75372329630282064e-02,-5.87160718075156532e-02,-5.97613106265888899e-02,-6.06692581120149704e-02,-6.14381795532549582e-02,-6.20682955975856640e-02,-6.25617135689344184e-02,-6.29223207999219658e-02,-6.31556456994366994e-02,-6.32686527786087693e-02,-6.32695498107483656e-02,-6.31675338511672735e-02,-6.29725677614738216e-02,-6.26951119743232865e-02,-6.23459030258511904e-02,-6.19357023348546115e-02,-6.14751017028746238e-02,-6.09743153833261220e-02,-6.04430265793646088e-02,-5.98902419935527786e-02,-5.93241827296743726e-02,-5.87522120992537283e-02,-5.81807673227706379e-02,-5.76153617883135294e-02,-5.70605516941204843e-02,-5.65199958136010511e-02,-5.59964934513160831e-02,-5.54920190400134405e-02,-5.50078319946357489e-02,-5.45445544959684975e-02,-5.41022668897621004e-02,-5.36806064011277548e-02,-5.32788655738225189e-02,-5.28960870822722043e-02,-5.25311519373926755e-02,-5.21828462862341663e-02
-4.54923557225342529e-37,-5.45946971132423562e-04,-5.98849877749593100e-04,-6.56844440372688254e-04,-7.20413658305638126e-04,-7.90084917558523227e-04,-8.66433778488496218e-04,-9.50088026471478629e-04,-1.04173199082954792e-03,-1.14211113397932277e-03,-1.25203690854294746e-03,-1.37239187478663217e-03,-1.50413506400612026e-03,-1.64830756511959707e-03,-1.80603830148278735e-03,-1.97854995250663695e-03,-2.16716495970707430e-03,-2.37331153900068514e-03,-2.59852960001903145e-03,-2.84447644858855332e-03,-3.11293211997354770e-03,-3.40580415771485302e-03,-3.72513161571503626e-03,-4.07308801948467331e-03,-4.45198297650446686e-03,-4.86426207537869922e-03,-5.31250466025508673e-03,-5.79941901143849782e-03,-6.32783440740716189e-03,-6.90068948989139546e-03,-7.52101630569400065e-03,-8.19191936085695259e-03,-8.91654900005113375e-03,-9.69806842327512394e-03,-1.05396136808241277e-02,-1.14442460547593203e-02,-1.24148963502089607e-02,-1.34543007924088371e-02,-1.45649284631583983e-02,-1.57489005322442970e-02,-1.70079019077848982e-02,-1.83430864361094383e-02,-1.97549772917772690e-02,-2.12433648184361321e-02,-2.28072047111692565e-02,-2.44445200669647159e-02,-2.61523114188683715e-02,-2.79264793565013464e-02,-2.97617646340628261e-02,-3.16517109083170739e-02,-3.35886546598507391e-02,-3.55637469061863554e-02,-3.75670098785148981e-02,-3.95874308657679641e-02,-4.16130937479311930e-02,-4.36313469109246635e-02,-4.56290038989109609e-02,-4.75925733911635174e-02,-4.95085073797483857e-02,-5.13634637971822419e-02,-5.31445701178096044e-02,-5.48396822486972094e-02,-5.64376218493417570e-02,-5.79283909217712667e-02,-5.93033491034055185e-02,-6.05553575991340520e-02,-6.16788683849024896e-02,-6.26699772876386507e-02,-6.35264243812349860e-02,-6.42475705716586271e-02,-6.48343051951832394e-02,-6.52889455720788714e-02,-6.56151229501437255e-02,-6.58176037230465832e-02,-6.59021664283420544e-02,-6.58754078384923003e-02,-6.57446195438962239e-02,-6.55176107810458014e-02,-6.52026011545197431e-02,-6.48080839779378026e-02,-6.43427355109754823e-02,-6.38153371270842457e-02,-6.32346842790276892e-02,-6.26095786792853631e-02,-6.19487101930875847e-02,-6.12607180605971927e-02,-6.05540252976535590e-02,-5.98369472321456375e-02,-5.91174851703087298e-02,-5.84034241152757774e-02,-5.77021764509266302e-02,-5.70207258898894967e-02,-5.63655848025326825e-02,-5.57427030533601056e-02,-5.51573923380399150e-02,-5.46142552628092262e-02,-5.41171234700747530e-02,-5.36690089190467248e-02,-5.32720718820944572e-02,-5.29276419437893150e-02
8.96172889881310506e-38,1.07780186792765271e-04,1.18248992571466503e-04,1.29730432866755643e-04,1.42321603589924673e-04,1.56128737490553849e-04,1.71268028923929306e-04,1.87866525965128188e-04,2.06063093902705201e-04,2.26009454063221508e-04,2.47871301744268717e-04,2.71829506745983895e-04,2.98081399563437086e-04,3.26842145704705881e-04,3.58346209797508739e-04,3.92848910101887031e-04,4.30628062713699859e-04,4.71985713075043418e-04,5.17249950350057879e-04,5.66776797721326125e-04,6.20952168653833222e-04,6.80193875600431513e-04,7.44953673409613683e-04,8.15719314933663364e-04,8.93016590447310026e-04,9.77411316612871849e-04,1.06951123321850916e-03,1.16996775835670843e-03,1.27947754418785212e-03,1.39878376647454465e-03,1.52867707177046434e-03,1.66999609677922871e-03,1.82362746531614518e-03,1.99050515995352660e-03,2.17160915834625073e-03,2.36796321904233793e-03,2.58063169897597249e-03,2.81071528554713507e-03,3.05934553042120977e-03,3.32767808461417996e-03,3.61688454123287092e-03,3.92814282389552724e-03,4.26262607406741913e-03,4.62149002688079166e-03,5.00585889829390299e-03,5.41680984488366029e-03,5.85535609756610443e-03,6.32242891079824211e-03,6.81885850444266962e-03,7.34535422833854871e-03,7.90248417965481315e-03,8.49065457677509149e-03,9.11008919333912079e-03,9.76080920161548522e-03,1.04426138049772688e-02,1.11550620771531557e-02,1.18974563966882264e-02,1.26688282462492849e-02,1.34679264268047182e-02,1.42932087114076099e-02,1.51428371746803719e-02,1.60146778232751023e-02,1.69063050791854810e-02,1.78150110219842880e-02,1.87378196612409953e-02,1.96715065343012127e-02,2.06126225944204267e-02,2.15575221395762039e-02,2.25023930787069948e-02,2.34432929655662009e-02,2.43761808700284459e-02,2.52969524734913166e-02,2.62014784856758852e-02,2.70856314240806723e-02,2.79453227296303300e-02,2.87765266423892600e-02,2.95753107712347606e-02,3.03378580118070472e-02,3.10604905048940533e-02,3.17396922162703557e-02,3.23721274136828593e-02,3.29546666275801967e-02,3.34844036933752351e-02,3.39586833422832121e-02,3.43751267656250484e-02,3.47316498146472974e-02,3.50265140445225193e-02,3.52583157601985067e-02,3.54260794982463323e-02,3.55292187120142752e-02,3.55675845151783854e-02,3.55415452707255400e-02,3.54519438696203545e-02,3.53001313339727785e-02,3.50879723311466676e-02,3.48178413394163930e-02,3.44926084420412865e-02,3.41156141169176724e-02,3.36906328520336223e-02,3.32217823291386244e-02
-4.12000233313807384e-37,-4.94704304689126250e-04,-5.42670389811972394e-04,-5.95258816231144725e-04,-6.52909250831806625e-04,-7.16102007864166928e-04,-7.85361567983369801e-04,-8.61260352717902714e-04,-9.44422762325883617e-04,-1.03552948261618951e-03,-1.13532206314500010e-03,-1.24460776508718719e-03,-1.36426467184035225e-03,-1.49524704883525930e-03,-1.63859093085951045e-03,-1.79541990518294284e-03,-1.96695104660625682e-03,-2.15450094591665550e-03,-2.35949175578245704e-03,-2.58345715749753535e-03,-2.82804812784110543e-03,-3.09503835731330702e-03,-3.38632913884933306e-03,-3.70395350961181136e-03,-4.05007938746150889e-03,-4.42701139845310277e-03,-4.83719104234788325e-03,-5.28319479056930334e-03,-5.76772965627589482e-03,-6.29362572104952799e-03,-6.86382504948794287e-03,-7.48136637497989841e-03,-8.14936490131021145e-03,-8.87098654072629098e-03,-9.64941590604668012e-03,-1.04878173997537301e-02,-1.13892888052100193e-02,-1.23568068932951459e-02,-1.33931647214319983e-02,-1.45009005284418464e-02,-1.56822184312581311e-02,-1.69389015003677777e-02,-1.82722182481745085e-02,-1.96828240865755504e-02,-2.11706598944946742e-02,-2.27348504569574277e-02,-2.43736061636412177e-02,-2.60841319443585566e-02,-2.78625479228259317e-02,-2.97038266079725118e-02,-3.16017516270469812e-02,-3.35489028238084713e-02,-3.55366721552786147e-02,-3.75553140035640165e-02,-3.95940323819926401e-02,-4.16411060375150577e-02,-4.36840507877422624e-02,-4.57098160209877050e-02,-4.77050115528083324e-02,-4.96561573374299514e-02,-5.15499486600888498e-02,-5.33735263584474429e-02,-5.51147434882074058e-02,-5.67624162698991408e-02,-5.83065510721454683e-02,-5.97385353892285337e-02,-6.10512911182133008e-02,-6.22393783814529089e-02,-6.32990527857878876e-02,-6.42282636830661668e-02,-6.50266180146812506e-02,-6.56952892604720229e-02,-6.62368792079198049e-02,-6.66552741822540040e-02,-6.69554413042475344e-02,-6.71432482953577547e-02,-6.72252395395283031e-02,-6.72084511759406256e-02,-6.71002049809232004e-02,-6.69079435207156070e-02,-6.66390766370427573e-02,-6.63008457363155196e-02,-6.59002497893073774e-02,-6.54439320378970152e-02,-6.49381978871059473e-02,-6.43889119488348372e-02,-6.38015951017148197e-02,-6.31813339159180698e-02,-6.25329078925435100e-02,-6.18607335743298972e-02,-6.11689959296325067e-02,-6.04615985257193206e-02,-5.97422399174377811e-02,-5.90144349564827864e-02,-5.82815371275027805e-02,-5.75467538379707544e-02,-5.68131545897167661e-02,-5.60836724591298116e-02,-5.53610997083227516e-02,-5.46480306588266601e-02
2.78887134615530380e-37,3.34938261088555517e-04,3.67420802755660748e-04,4.03035055142100514e-04,4.42079198485769006e-04,4.84879040829876607e-04,5.31790422481258612e-04,5.83201797707774932e-04,6.39536999874199615e-04,7.01258194746070033e-04,7.68869024712474729e-04,8.42917944085320981e-04,9.24001742300892552e-04,1.01276924763806474e-03,1.10992519881528682e-03,1.21623426535410507e-03,1.33252518969907089e-03,1.45969501454148499e-03,1.59871334737015877e-03,1.75062660071651443e-03,1.91656213061997525e-03,2.09773217726450358e-03,2.29543749031106215e-03,2.51107049692259271e-03,2.74611784299147758e-03,3.00216210707544232e-03,3.28088245296325907e-03,3.58405395024588526e-03,3.91354525387089050e-03,4.27131429421211822e-03,4.65940159017550447e-03,5.07992076125290525e-03,5.53504578282635901e-03,6.02699450572105784e-03,6.55800795007802691e-03,7.13032488992424492e-03,7.74615127395472843e-03,8.40762408621142758e-03,9.11676934459404453e-03,9.87545406806463431e-03,1.06853322350285353e-02,1.15477849801208041e-02,1.24638555782535538e-02,1.34341801035549827e-02,1.44589150449689705e-02,1.55376635887429643e-02,1.66694027251030191e-02,1.78524137768430770e-02,1.90842193547222962e-02,2.03615300420353293e-02,2.16802043878374061e-02,2.30352257400454584e-02,2.44206993833590187e-02,2.58298730264573638e-02,2.72551830754609939e-02,2.86883282678179960e-02,3.01203712815507688e-02,3.15418670275705373e-02,3.29430166166012894e-02,3.43138423153904540e-02,3.56443797059481510e-02,3.69248801361350062e-02,3.81460182458103828e-02,3.92990958098664370e-02,4.03762360858313796e-02,4.13705583771589655e-02,4.22763320172003659e-02,4.30890980833880527e-02,4.38057607860170908e-02,4.44246318876430346e-02,4.49454538590619498e-02,4.53693742545586837e-02,4.56988726063103368e-02,4.59376872712885936e-02,4.60906676092620662e-02,4.61636493266438727e-02,4.61632631392078704e-02,4.60967775064023214e-02,4.59718913349560013e-02,4.57965633052157678e-02,4.55788218331305423e-02,4.53265928046474725e-02,4.50475617727179381e-02,4.47490036753805248e-02,4.44377251971100687e-02,4.41198995254199408e-02,4.38010945433500928e-02,4.34861304226217688e-02,4.31791612453075388e-02,4.28835910311057833e-02,4.26021819323430875e-02,4.23370202739414420e-02,4.20895988923895292e-02,4.18608718055158563e-02,4.16513191113515799e-02,4.14610144709064085e-02,4.12896924192013640e-02,4.11368131687060573e-02,4.10016230473139592e-02,4.08831997971926819e-02
7.20161333294510733e-38,8.62075682230498130e-05,9.45379347691889131e-05,1.03665321048893638e-04,1.13664365827726959e-04,1.24616368404643137e-04,1.36609815423869804e-04,1.49740935095154994e-04,1.64114276944460699e-04,1.79843314211539199e-04,1.97051064771817041e-04,2.15870724946972818e-04,2.36446308736059171e-04,2.58933282796794861e-04,2.83499184880250368e-04,3.10324210313650940e-04,3.39601747475518903e-04,3.71538838955255072e-04,4.06356540179499354e-04,4.44290141672417087e-04,4.85589214763221017e-04,5.30517433451516531e-04,5.79352117321571178e-04,6.32383431860953390e-04,6.89913173684761892e-04,7.52253058643963311e-04,8.19722421738915217e-04,8.92645228874612584e-04,9.71346292892909463e-04,1.05614658063172173e-03,1.14735749508979869e-03,1.24527401841112461e-03,1.35016660889999995e-03,1.46227176043939376e-03,1.58178115752585021e-03,1.70882939580384221e-03,1.84348028863752663e-03,1.98571184687023434e-03,2.13540010262282514e-03,2.29230205280599999e-03,2.45603811104549855e-03,2.62607460318107925e-03,2.80170697816501096e-03,2.98204456303712007e-03,3.16599783437363598e-03,3.35226930586906332e-03,3.53934922455685207e-03,3.72551730915628458e-03,3.90885172798403381e-03,4.08724643999934523e-03,4.25843768684298126e-03,4.42004027676886659e-03,4.56959370057058965e-03,4.70461768343496262e-03,4.82267614899679030e-03,4.92144794484056496e-03,4.99880199480992431e-03,5.05287447320802198e-03,5.08214382866041363e-03,5.08550135115249952e-03,5.06231281973661389e-03,5.01246903541757282e-03,4.93642043275759751e-03,4.83519579735235388e-03,4.71040180301484854e-03,4.56420481542333268e-03,4.39929157976192645e-03,4.21881453426031870e-03,4.02632082834641740e-03,3.82566833988080878e-03,3.62093109241886247e-03,3.41630123975307553e-03,3.21598194536374705e-03,3.02409064751120492e-03,2.84455379269497486e-03,2.68102391432684540e-03,2.53678767051319790e-03,2.41470892276575855e-03,2.31715725372009683e-03,2.24598432540727005e-03,2.20247822347174015e-03,2.18737255463188895e-03,2.20083274527704126e-03,2.24248745599130552e-03,2.31145563727733986e-03,2.40638161805454805e-03,2.52551118846915156e-03,2.66671252601608389e-03,2.82759795692701967e-03,3.00553550741068523e-03,3.19775622102837350e-03,3.40143416021066033e-03,3.61372969056404604e-03,3.83186347155275477e-03,4.05317410668316370e-03,4.27516801824847064e-03,4.49556046500266485e-03,4.71230700914700932e-03,4.92362515135369005e-03,5.12797190550653634e-03
-5.23184740526907239e-37,-6.27811897461051801e-04,-6.88641754326180873e-04,-7.55324990363649197e-04,-8.28416611327218886e-04,-9.08522573827939524e-04,-9.96304121523410198e-04,-1.09248241971714264e-03,-1.19784349352877067e-03,-1.31324347087050271e-03,-1.43961412639403378e-03,-1.57796871613068049e-03,-1.72940808447764167e-03,-1.89512701519328796e-03,-2.07642078582614400e-03,-2.27469187015275813e-03,-2.49145671534307294e-03,-2.72835249928518033e-03,-2.98714374834317372e-03,-3.26972866634819446e-03,-3.57814499140767005e-03,-3.91457515778451115e-03,-4.28135049534556465e-03,-4.68095414888097285e-03,-5.11602234359237722e-03,-5.58934356256090767e-03,-6.10385513647901303e-03,-6.66263667795357478e-03,-7.26889972346386314e-03,-7.92597287876611704e-03,-8.63728170197133882e-03,-9.40632250774917598e-03,-1.02366292425264838e-02,-1.11317325719813738e-02,-1.20951103478694633e-02,-1.31301286918904993e-02,-1.42399730616033851e-02,-1.54275688595635341e-02,-1.66954914230390793e-02,-1.80458656049741345e-02,-1.94802556110493762e-02,-2.09995463466859170e-02,-2.26038181765805708e-02,-2.42922177606074187e-02,-2.60628284378328287e-02,-2.79125444639801851e-02,-2.98369542116783265e-02,-3.18302381531550133e-02,-3.38850879720778084e-02,-3.59926535267144493e-02,-3.81425241272930482e-02,-4.03227504718105603e-02,-4.25199123977583193e-02,-4.47192363932640141e-02,-4.69047649312523893e-02,-4.90595774668918794e-02,-5.11660602045395652e-02,-5.32062203413756277e-02,-5.51620345888005972e-02,-5.70158242000060669e-02,-5.87506421571144730e-02,-6.03506607947268195e-02,-6.18015426076713795e-02,-6.30907831086789522e-02,-6.42080096971431313e-02,-6.51452288767170595e-02,-6.58970055944547578e-02,-6.64605756534390191e-02,-6.68358807122388238e-02,-6.70255382612621048e-02,-6.70347255694586502e-02,-6.68710074891934181e-02,-6.65441164572944388e-02,-6.60656579561158391e-02,-6.54488179994516805e-02,-6.47080099173416162e-02,-6.38585512700479557e-02,-6.29163021585651683e-02,-6.18973623269889195e-02,-6.08177432740493878e-02,-5.96931251158314066e-02,-5.85385921978288093e-02,-5.73684706949697393e-02,-5.61961435038760143e-02,-5.50339664952568322e-02,-5.38931687828549458e-02,-5.27838223292128872e-02,-5.17148302554782252e-02,-5.06939083669147306e-02,-4.97276433656063943e-02,-4.88215403261552938e-02,-4.79799902242176446e-02,-4.72063873575057705e-02,-4.65031580421735313e-02,-4.58718104134625063e-02,-4.53129842820743228e-02,-4.48265014820065366e-02,-4.44114176974926070e-02,-4.40660770386967424e-02,-4.37881822884861119e-02
-2.79704312769624280e-37,-3.35655188732748367e-04,-3.68179115556031378e-04,-4.03833023166710230e-04,-4.42913765367230605e-04,-4.85745464407726622e-04,-5.32681835496856505e-04,-5.84108672242504459e-04,-6.40446496098828386e-04,-7.02153370872158787e-04,-7.69727880719893389e-04,-8.43712266748016405e-04,-9.24695713142095516e-04,-1.01331776860431140e-03,-1.11027188254872802e-03,-1.21630902784522640e-03,-1.33224137270111960e-03,-1.45894595331871532e-03,-1.59736828605153841e-03,-1.74852584268890901e-03,-1.91351129503096158e-03,-2.09349541490893611e-03,-2.28972949313763219e-03,-2.50354711563395690e-03,-2.73636510682572203e-03,-2.98968342059388950e-03,-3.26508372668704323e-03,-3.56422640770475080e-03,-3.88884564884383688e-03,-4.24074227154249035e-03,-4.62177393503630188e-03,-5.03384230944718160e-03,-5.47887681382460117e-03,-5.95881451673025992e-03,-6.47557582037851156e-03,-7.03103559749738809e-03,-7.62698952884499366e-03,-8.26511550466623758e-03,-8.94693011010017601e-03,-9.67374042315761497e-03,-1.04465915948341488e-02,-1.12662110009735944e-02,-1.21329500843764451e-02,-1.30467253945699170e-02,-1.40069607271643276e-02,-1.50125326569003018e-02,-1.60617221142698857e-02,-1.71521749385219399e-02,-1.82808744943964395e-02,-1.94441295347828613e-02,-2.06375800879674380e-02,-2.18562240546985413e-02,-2.30944662476628843e-02,-2.43461908546810275e-02,-2.56048571281407497e-02,-2.68636168097689983e-02,-2.81154501898659946e-02,-2.93533176376308859e-02,-3.05703187168362804e-02,-3.17598551101123949e-02,-3.29157879445629020e-02,-3.40325844180993306e-02,-3.51054429062383697e-02,-3.61303941253700786e-02,-3.71043696533603501e-02,-3.80252392579601556e-02,-3.88918062635384698e-02,-3.97037714399485347e-02,-4.04616591376698934e-02,-4.11667223551001119e-02,-4.18208085038369662e-02,-4.24262199595002790e-02,-4.29855673337763214e-02,-4.35016039887557646e-02,-4.39770883191026168e-02,-4.44146386906560109e-02,-4.48166219708173857e-02,-4.51850561353219771e-02,-4.55215404851360000e-02,-4.58272217318331232e-02,-4.61027695862953127e-02,-4.63484087473268538e-02,-4.65639358828387057e-02,-4.67488031375295210e-02,-4.69021728967801699e-02,-4.70230202688950855e-02,-4.71102286038691878e-02,-4.71626664719823271e-02,-4.71793296099481951e-02,-4.71593731344372991e-02,-4.71021990787831718e-02,-4.70075877464861541e-02,-4.68756787976717174e-02,-4.67070267300486869e-02,-4.65026177579481725e-02,-4.62638699385737179e-02,-4.59926174850399105e-02,-4.56910807949130401e-02,-4.53618241986040935e-02,-4.50076635694408034e-02
-1.51114557557386538e-37,-1.81327187539929882e-04,-1.98895568429270463e-04,-2.18154333295342685e-04,-2.39263735722912798e-04,-2.62398736906094146e-04,-2.87750256860114478e-04,-3.15526511749970905e-04,-3.45954438866159439e-04,-3.79281209668552136e-04,-4.15775829889380533e-04,-4.55730823873630832e-04,-4.99463998069993851e-04,-5.47320275789242475e-04,-5.99673591932328785e-04,-6.56928832262428336e-04,-7.19523796851570855e-04,-7.87931161467021572e-04,-8.62660403767561172e-04,-9.44259653152025331e-04,-1.03331741384980139e-03,-1.13046410029487817e-03,-1.23637331192624723e-03,-1.35176276147918554e-03,-1.47739475607919007e-03,-1.61407611548029209e-03,-1.76265739511993714e-03,-1.92403126546893490e-03,-2.09912988304453239e-03,-2.28892107378993572e-03,-2.49440313740861928e-03,-2.71659807321433192e-03,-2.95654302598365214e-03,-3.21527975638377823e-03,-3.49384195730776748e-03,-3.79324026762725610e-03,-4.11444488130425449e-03,-4.45836571520334072e-03,-4.82583018521947661e-03,-5.21755875193888503e-03,-5.63413852368437398e-03,-6.07599536663076985e-03,-6.54336513506911799e-03,-7.03626481981142488e-03,-7.55446459237344402e-03,-8.09746188980569465e-03,-8.66445882158144512e-03,-9.25434426694554842e-03,-9.86568204370827373e-03,-1.04967064859090246e-02,-1.11453265318749248e-02,-1.18091392292227967e-02,-1.24854531002470907e-02,-1.31713213661044434e-02,-1.38635844684928799e-02,-1.45589207538731127e-02,-1.52539035366876536e-02,-1.59450627999517432e-02,-1.66289482028966415e-02,-1.73021916060232990e-02,-1.79615658110851596e-02,-1.86040375942399354e-02,-1.92268125585305857e-02,-1.98273707217367298e-02,-2.04034916569712579e-02,-2.09532701745496555e-02,-2.14751213394057741e-02,-2.19677774407152047e-02,-2.24302761719196372e-02,-2.28619481379024464e-02,-2.32623926039469270e-02,-2.36314542437877327e-02,-2.39692059472338508e-02,-2.42759126439226723e-02,-2.45520185041739752e-02,-2.47981099619279076e-02,-2.50149041649287002e-02,-2.52032106015714456e-02,-2.53639227496101523e-02,-2.54979760890638070e-02,-2.56063451285836602e-02,-2.56899967396075901e-02,-2.57498957991903962e-02,-2.57869551700990116e-02,-2.58020533078520582e-02,-2.57959856516716962e-02,-2.57694945456433191e-02,-2.57232315767596288e-02,-2.56577923769038749e-02,-2.55737005349682030e-02,-2.54714546919806474e-02,-2.53515142502558771e-02,-2.52143435172349356e-02,-2.50604329762216596e-02,-2.48903255370962195e-02,-2.47046413935559546e-02,-2.45040997940326917e-02,-2.42895362229142778e-02,-2.40619137917740880e-02,-2.38222958636861160e-02
-1.74958280509521127e-37,-2.10031891791575003e-04,-2.30391401250651314e-04,-2.52711882915007246e-04,-2.77179656633482136e-04,-3.03998226684028955e-04,-3.33389761250859186e-04,-3.65596677568634867e-04,-4.00883335616789396e-04,-4.39537842156938630e-04,-4.81873965474212092e-04,-5.28233159340938470e-04,-5.78986692390396403e-04,-6.34537876180630775e-04,-6.95324381644239851e-04,-7.61820629249556399e-04,-8.34540232921871720e-04,-9.14038471462194527e-04,-1.00091475372233833e-03,-1.09581503501459320e-03,-1.19943413202383488e-03,-1.31251787173615421e-03,-1.43586499650445363e-03,-1.57032873238519043e-03,-1.71681791098919146e-03,-1.87629751713757416e-03,-2.04978851479990266e-03,-2.23836678348676970e-03,-2.44316097644470352e-03,-2.66534909174688008e-03,-2.90615352875585537e-03,-3.16683438692340466e-03,-3.44868075331881182e-03,-3.75299972185971298e-03,-4.08110289355391627e-03,-4.43429012606923537e-03,-4.81383033577392153e-03,-5.22093920922122711e-03,-5.65675375637307749e-03,-6.12230374098535202e-03,-6.61848014173357230e-03,-7.14600096092815346e-03,-7.70537486194569111e-03,-8.29686331570458208e-03,-8.92044213838769084e-03,-9.57576350544578001e-03,-1.02621197136848110e-02,-1.09784101167282998e-02,-1.17231127495577812e-02,-1.24942622507147640e-02,-1.32894354685707764e-02,-1.41057462231956587e-02,-1.49398502173394045e-02,-1.57879608519834631e-02,-1.66458762300625944e-02,-1.75090171514745846e-02,-1.83724752119885995e-02,-1.92310708286542002e-02,-2.00794175589927501e-02,-2.09119933683171548e-02,-2.17232149314784545e-02,-2.25075154021779945e-02,-2.32594202435925726e-02,-2.39736238506280917e-02,-2.46450622113656634e-02,-2.52689867342482874e-02,-2.58410283450375630e-02,-2.63572635916978285e-02,-2.68142721009765363e-02,-2.72092025713725760e-02,-2.75398132087557763e-02,-2.78045226406173143e-02,-2.80024631095376932e-02,-2.81334923957009507e-02,-2.81982424725926960e-02,-2.81981091457970331e-02,-2.81352749854806641e-02,-2.80126750415889657e-02,-2.78339836683961957e-02,-2.76035589441244247e-02,-2.73263822184693084e-02,-2.70079935541980010e-02,-2.66543743232691352e-02,-2.62718928868672583e-02,-2.58671280606004271e-02,-2.54468399976732172e-02,-2.50177509836891493e-02,-2.45865352480421594e-02,-2.41596040803981130e-02,-2.37430861775047297e-02,-2.33426374413184187e-02,-2.29634370424661068e-02,-2.26100710824782627e-02,-2.22864795343961225e-02,-2.19959116268992720e-02,-2.17408976535984344e-02,-2.15232375626529561e-02,-2.13440062493555245e-02,-2.12035750198148430e-02,-2.11016811059442991e-02
1.41583303062167384e-37,1.69759157871110782e-04,1.86192727532886131e-04,2.04204632914103029e-04,2.23943920139901956e-04,2.45573193830014771e-04,2.69269745200222100e-04,2.95226752158912243e-04,3.23654551164551487e-04,3.54781979263667907e-04,3.88857783029691916e-04,4.26152089005437469e-04,4.66957927642448094e-04,5.11592799546552830e-04,5.60400268990150319e-04,6.13751565039922131e-04,6.72047165170031242e-04,7.35718329778765499e-04,8.05228548495633958e-04,8.81074850458528390e-04,9.63788920775239619e-04,1.05393795410691393e-03,1.15212516370254950e-03,1.25898985041068162e-03,1.37520692102096492e-03,1.50148572969384538e-03,1.63856809965252405e-03,1.78722536626812144e-03,1.94825426742296351e-03,2.12247149395680896e-03,2.31070670349195657e-03,2.51379379683621578e-03,2.73256025971131298e-03,2.96781438638115585e-03,3.22033022885543935e-03,3.49083015898810599e-03,3.77996499435665715e-03,4.08829172553678861e-03,4.41624899434920476e-03,4.76413061702129527e-03,5.13205760356562086e-03,5.51994933505138910e-03,5.92749476050652944e-03,6.35412471062525054e-03,6.79898664951190165e-03,7.26092339467918329e-03,7.73845750455274487e-03,8.22978313696804548e-03,8.73276718160117746e-03,9.24496143802357173e-03,9.76362716737392243e-03,1.02857732279717142e-02,1.08082081783649232e-02,1.13276061523399970e-02,1.18405854232373469e-02,1.23437976581524649e-02,1.28340247087379046e-02,1.33082801940686904e-02,1.37639090545250819e-02,1.41986826708951144e-02,1.46108821722211023e-02,1.49993670908702224e-02,1.53636212344814456e-02,1.57037758725049950e-02,1.60206042305876956e-02,1.63154916042618815e-02,1.65903719276382020e-02,1.68476437189472722e-02,1.70900593501273970e-02,1.73206097580516499e-02,1.75423779176539646e-02,1.77584030570347925e-02,1.79715576994894342e-02,1.81844012188434913e-02,1.83990956758001145e-02,1.86172970323309171e-02,1.88401169537912687e-02,1.90680713373007939e-02,1.93010935096849974e-02,1.95385475265419800e-02,1.97792809147559236e-02,2.00217009280254515e-02,2.02638417099506273e-02,2.05034925164411970e-02,2.07382527925873590e-02,2.09656890969516646e-02,2.11833672843938642e-02,2.13889978462994332e-02,2.15804630747730743e-02,2.17559107326649910e-02,2.19137418671048641e-02,2.20527226678991391e-02,2.21719444916323449e-02,2.22708398862800395e-02,2.23491743202845275e-02,2.24070288927244350e-02,2.24447760330471410e-02,2.24630501153164734e-02,2.24627147351718348e-02,2.24448311192740821e-02
