"rho_level","rho","cut_height","var","group_size","group_members"
0,0.181505200859289,0.818494799140711,0,25,"0|1|2|3|4|5|6|7|8|9|10|11|12|13|14|15|16|17|18|19|20|21|22|23|24"
0,0.181505200859289,0.818494799140711,1,25,"0|1|2|3|4|5|6|7|8|9|10|11|12|13|14|15|16|17|18|19|20|21|22|23|24"
0,0.181505200859289,0.818494799140711,2,25,"0|1|2|3|4|5|6|7|8|9|10|11|12|13|14|15|16|17|18|19|20|21|22|23|24"
0,0.181505200859289,0.818494799140711,3,25,"0|1|2|3|4|5|6|7|8|9|10|11|12|13|14|15|16|17|18|19|20|21|22|23|24"
0,0.181505200859289,0.818494799140711,4,25,"0|1|2|3|4|5|6|7|8|9|10|11|12|13|14|15|16|17|18|19|20|21|22|23|24"
0,0.181505200859289,0.818494799140711,5,25,"0|1|2|3|4|5|6|7|8|9|10|11|12|13|14|15|16|17|18|19|20|21|22|23|24"
0,0.181505200859289,0.818494799140711,6,25,"0|1|2|3|4|5|6|7|8|9|10|11|12|13|14|15|16|17|18|19|20|21|22|23|24"
0,0.181505200859289,0.818494799140711,7,25,"0|1|2|3|4|5|6|7|8|9|10|11|12|13|14|15|16|17|18|19|20|21|22|23|24"
0,0.181505200859289,0.818494799140711,8,25,"0|1|2|3|4|5|6|7|8|9|10|11|12|13|14|15|16|17|18|19|20|21|22|23|24"
0,0.181505200859289,0.818494799140711,9,25,"0|1|2|3|4|5|6|7|8|9|10|11|12|13|14|15|16|17|18|19|20|21|22|23|24"
0,0.181505200859289,0.818494799140711,10,25,"0|1|2|3|4|5|6|7|8|9|10|11|12|13|14|15|16|17|18|19|20|21|22|23|24"
0,0.181505200859289,0.818494799140711,11,25,"0|1|2|3|4|5|6|7|8|9|10|11|12|13|14|15|16|17|18|19|20|21|22|23|24"
0,0.181505200859289,0.818494799140711,12,25,"0|1|2|3|4|5|6|7|8|9|10|11|12|13|14|15|16|17|18|19|20|21|22|23|24"
0,0.181505200859289,0.818494799140711,13,25,"0|1|2|3|4|5|6|7|8|9|10|11|12|13|14|15|16|17|18|19|20|21|22|23|24"
0,0.181505200859289,0.818494799140711,14,25,"0|1|2|3|4|5|6|7|8|9|10|11|12|13|14|15|16|17|18|19|20|21|22|23|24"
0,0.181505200859289,0.818494799140711,15,25,"0|1|2|3|4|5|6|7|8|9|10|11|12|13|14|15|16|17|18|19|20|21|22|23|24"
0,0.181505200859289,0.818494799140711,16,25,"0|1|2|3|4|5|6|7|8|9|10|11|12|13|14|15|16|17|18|19|20|21|22|23|24"
0,0.181505200859289,0.818494799140711,17,25,"0|1|2|3|4|5|6|7|8|9|10|11|12|13|14|15|16|17|18|19|20|21|22|23|24"
0,0.181505200859289,0.818494799140711,18,25,"0|1|2|3|4|5|6|7|8|9|10|11|12|13|14|15|16|17|18|19|20|21|22|23|24"
0,0.181505200859289,0.818494799140711,19,25,"0|1|2|3|4|5|6|7|8|9|10|11|12|13|14|15|16|17|18|19|20|21|22|23|24"
0,0.181505200859289,0.818494799140711,20,25,"0|1|2|3|4|5|6|7|8|9|10|11|12|13|14|15|16|17|18|19|20|21|22|23|24"
0,0.181505200859289,0.818494799140711,21,25,"0|1|2|3|4|5|6|7|8|9|10|11|12|13|14|15|16|17|18|19|20|21|22|23|24"
0,0.181505200859289,0.818494799140711,22,25,"0|1|2|3|4|5|6|7|8|9|10|11|12|13|14|15|16|17|18|19|20|21|22|23|24"
0,0.181505200859289,0.818494799140711,23,25,"0|1|2|3|4|5|6|7|8|9|10|11|12|13|14|15|16|17|18|19|20|21|22|23|24"
0,0.181505200859289,0.818494799140711,24,25,"0|1|2|3|4|5|6|7|8|9|10|11|12|13|14|15|16|17|18|19|20|21|22|23|24"
1,0.203249238158723,0.796750761841277,0,15,"0|1|2|3|4|10|11|12|13|14|20|21|22|23|24"
1,0.203249238158723,0.796750761841277,1,15,"0|1|2|3|4|10|11|12|13|14|20|21|22|23|24"
1,0.203249238158723,0.796750761841277,2,15,"0|1|2|3|4|10|11|12|13|14|20|21|22|23|24"
1,0.203249238158723,0.796750761841277,3,15,"0|1|2|3|4|10|11|12|13|14|20|21|22|23|24"
1,0.203249238158723,0.796750761841277,4,15,"0|1|2|3|4|10|11|12|13|14|20|21|22|23|24"
1,0.203249238158723,0.796750761841277,5,10,"5|6|7|8|9|15|16|17|18|19"
1,0.203249238158723,0.796750761841277,6,10,"5|6|7|8|9|15|16|17|18|19"
1,0.203249238158723,0.796750761841277,7,10,"5|6|7|8|9|15|16|17|18|19"
1,0.203249238158723,0.796750761841277,8,10,"5|6|7|8|9|15|16|17|18|19"
1,0.203249238158723,0.796750761841277,9,10,"5|6|7|8|9|15|16|17|18|19"
1,0.203249238158723,0.796750761841277,10,15,"0|1|2|3|4|10|11|12|13|14|20|21|22|23|24"
1,0.203249238158723,0.796750761841277,11,15,"0|1|2|3|4|10|11|12|13|14|20|21|22|23|24"
1,0.203249238158723,0.796750761841277,12,15,"0|1|2|3|4|10|11|12|13|14|20|21|22|23|24"
1,0.203249238158723,0.796750761841277,13,15,"0|1|2|3|4|10|11|12|13|14|20|21|22|23|24"
1,0.203249238158723,0.796750761841277,14,15,"0|1|2|3|4|10|11|12|13|14|20|21|22|23|24"
1,0.203249238158723,0.796750761841277,15,10,"5|6|7|8|9|15|16|17|18|19"
1,0.203249238158723,0.796750761841277,16,10,"5|6|7|8|9|15|16|17|18|19"
1,0.203249238158723,0.796750761841277,17,10,"5|6|7|8|9|15|16|17|18|19"
1,0.203249238158723,0.796750761841277,18,10,"5|6|7|8|9|15|16|17|18|19"
1,0.203249238158723,0.796750761841277,19,10,"5|6|7|8|9|15|16|17|18|19"
1,0.203249238158723,0.796750761841277,20,15,"0|1|2|3|4|10|11|12|13|14|20|21|22|23|24"
1,0.203249238158723,0.796750761841277,21,15,"0|1|2|3|4|10|11|12|13|14|20|21|22|23|24"
1,0.203249238158723,0.796750761841277,22,15,"0|1|2|3|4|10|11|12|13|14|20|21|22|23|24"
1,0.203249238158723,0.796750761841277,23,15,"0|1|2|3|4|10|11|12|13|14|20|21|22|23|24"
1,0.203249238158723,0.796750761841277,24,15,"0|1|2|3|4|10|11|12|13|14|20|21|22|23|24"
2,0.220318370659748,0.779681629340252,0,5,"0|1|2|3|4"
2,0.220318370659748,0.779681629340252,1,5,"0|1|2|3|4"
2,0.220318370659748,0.779681629340252,2,5,"0|1|2|3|4"
2,0.220318370659748,0.779681629340252,3,5,"0|1|2|3|4"
2,0.220318370659748,0.779681629340252,4,5,"0|1|2|3|4"
2,0.220318370659748,0.779681629340252,5,10,"5|6|7|8|9|15|16|17|18|19"
2,0.220318370659748,0.779681629340252,6,10,"5|6|7|8|9|15|16|17|18|19"
2,0.220318370659748,0.779681629340252,7,10,"5|6|7|8|9|15|16|17|18|19"
2,0.220318370659748,0.779681629340252,8,10,"5|6|7|8|9|15|16|17|18|19"
2,0.220318370659748,0.779681629340252,9,10,"5|6|7|8|9|15|16|17|18|19"
2,0.220318370659748,0.779681629340252,10,5,"10|11|12|13|14"
2,0.220318370659748,0.779681629340252,11,5,"10|11|12|13|14"
2,0.220318370659748,0.779681629340252,12,5,"10|11|12|13|14"
2,0.220318370659748,0.779681629340252,13,5,"10|11|12|13|14"
2,0.220318370659748,0.779681629340252,14,5,"10|11|12|13|14"
2,0.220318370659748,0.779681629340252,15,10,"5|6|7|8|9|15|16|17|18|19"
2,0.220318370659748,0.779681629340252,16,10,"5|6|7|8|9|15|16|17|18|19"
2,0.220318370659748,0.779681629340252,17,10,"5|6|7|8|9|15|16|17|18|19"
2,0.220318370659748,0.779681629340252,18,10,"5|6|7|8|9|15|16|17|18|19"
2,0.220318370659748,0.779681629340252,19,10,"5|6|7|8|9|15|16|17|18|19"
2,0.220318370659748,0.779681629340252,20,5,"20|21|22|23|24"
2,0.220318370659748,0.779681629340252,21,5,"20|21|22|23|24"
2,0.220318370659748,0.779681629340252,22,5,"20|21|22|23|24"
2,0.220318370659748,0.779681629340252,23,5,"20|21|22|23|24"
2,0.220318370659748,0.779681629340252,24,5,"20|21|22|23|24"
3,0.610989201184559,0.389010798815441,0,5,"0|1|2|3|4"
3,0.610989201184559,0.389010798815441,1,5,"0|1|2|3|4"
3,0.610989201184559,0.389010798815441,2,5,"0|1|2|3|4"
3,0.610989201184559,0.389010798815441,3,5,"0|1|2|3|4"
3,0.610989201184559,0.389010798815441,4,5,"0|1|2|3|4"
3,0.610989201184559,0.389010798815441,5,5,"5|6|7|8|9"
3,0.610989201184559,0.389010798815441,6,5,"5|6|7|8|9"
3,0.610989201184559,0.389010798815441,7,5,"5|6|7|8|9"
3,0.610989201184559,0.389010798815441,8,5,"5|6|7|8|9"
3,0.610989201184559,0.389010798815441,9,5,"5|6|7|8|9"
3,0.610989201184559,0.389010798815441,10,5,"10|11|12|13|14"
3,0.610989201184559,0.389010798815441,11,5,"10|11|12|13|14"
3,0.610989201184559,0.389010798815441,12,5,"10|11|12|13|14"
3,0.610989201184559,0.389010798815441,13,5,"10|11|12|13|14"
3,0.610989201184559,0.389010798815441,14,5,"10|11|12|13|14"
3,0.610989201184559,0.389010798815441,15,5,"15|16|17|18|19"
3,0.610989201184559,0.389010798815441,16,5,"15|16|17|18|19"
3,0.610989201184559,0.389010798815441,17,5,"15|16|17|18|19"
3,0.610989201184559,0.389010798815441,18,5,"15|16|17|18|19"
3,0.610989201184559,0.389010798815441,19,5,"15|16|17|18|19"
3,0.610989201184559,0.389010798815441,20,5,"20|21|22|23|24"
3,0.610989201184559,0.389010798815441,21,5,"20|21|22|23|24"
3,0.610989201184559,0.389010798815441,22,5,"20|21|22|23|24"
3,0.610989201184559,0.389010798815441,23,5,"20|21|22|23|24"
3,0.610989201184559,0.389010798815441,24,5,"20|21|22|23|24"
4,0.629338906291603,0.370661093708397,0,3,"0|1|2"
4,0.629338906291603,0.370661093708397,1,3,"0|1|2"
4,0.629338906291603,0.370661093708397,2,3,"0|1|2"
4,0.629338906291603,0.370661093708397,3,2,"3|4"
4,0.629338906291603,0.370661093708397,4,2,"3|4"
4,0.629338906291603,0.370661093708397,5,5,"5|6|7|8|9"
4,0.629338906291603,0.370661093708397,6,5,"5|6|7|8|9"
4,0.629338906291603,0.370661093708397,7,5,"5|6|7|8|9"
4,0.629338906291603,0.370661093708397,8,5,"5|6|7|8|9"
4,0.629338906291603,0.370661093708397,9,5,"5|6|7|8|9"
4,0.629338906291603,0.370661093708397,10,5,"10|11|12|13|14"
4,0.629338906291603,0.370661093708397,11,5,"10|11|12|13|14"
4,0.629338906291603,0.370661093708397,12,5,"10|11|12|13|14"
4,0.629338906291603,0.370661093708397,13,5,"10|11|12|13|14"
4,0.629338906291603,0.370661093708397,14,5,"10|11|12|13|14"
4,0.629338906291603,0.370661093708397,15,5,"15|16|17|18|19"
4,0.629338906291603,0.370661093708397,16,5,"15|16|17|18|19"
4,0.629338906291603,0.370661093708397,17,5,"15|16|17|18|19"
4,0.629338906291603,0.370661093708397,18,5,"15|16|17|18|19"
4,0.629338906291603,0.370661093708397,19,5,"15|16|17|18|19"
4,0.629338906291603,0.370661093708397,20,5,"20|21|22|23|24"
4,0.629338906291603,0.370661093708397,21,5,"20|21|22|23|24"
4,0.629338906291603,0.370661093708397,22,5,"20|21|22|23|24"
4,0.629338906291603,0.370661093708397,23,5,"20|21|22|23|24"
4,0.629338906291603,0.370661093708397,24,5,"20|21|22|23|24"
5,0.634215912823738,0.365784087176262,0,3,"0|1|2"
5,0.634215912823738,0.365784087176262,1,3,"0|1|2"
5,0.634215912823738,0.365784087176262,2,3,"0|1|2"
5,0.634215912823738,0.365784087176262,3,2,"3|4"
5,0.634215912823738,0.365784087176262,4,2,"3|4"
5,0.634215912823738,0.365784087176262,5,5,"5|6|7|8|9"
5,0.634215912823738,0.365784087176262,6,5,"5|6|7|8|9"
5,0.634215912823738,0.365784087176262,7,5,"5|6|7|8|9"
5,0.634215912823738,0.365784087176262,8,5,"5|6|7|8|9"
5,0.634215912823738,0.365784087176262,9,5,"5|6|7|8|9"
5,0.634215912823738,0.365784087176262,10,4,"10|11|12|13"
5,0.634215912823738,0.365784087176262,11,4,"10|11|12|13"
5,0.634215912823738,0.365784087176262,12,4,"10|11|12|13"
5,0.634215912823738,0.365784087176262,13,4,"10|11|12|13"
5,0.634215912823738,0.365784087176262,14,1,"14"
5,0.634215912823738,0.365784087176262,15,5,"15|16|17|18|19"
5,0.634215912823738,0.365784087176262,16,5,"15|16|17|18|19"
5,0.634215912823738,0.365784087176262,17,5,"15|16|17|18|19"
5,0.634215912823738,0.365784087176262,18,5,"15|16|17|18|19"
5,0.634215912823738,0.365784087176262,19,5,"15|16|17|18|19"
5,0.634215912823738,0.365784087176262,20,5,"20|21|22|23|24"
5,0.634215912823738,0.365784087176262,21,5,"20|21|22|23|24"
5,0.634215912823738,0.365784087176262,22,5,"20|21|22|23|24"
5,0.634215912823738,0.365784087176262,23,5,"20|21|22|23|24"
5,0.634215912823738,0.365784087176262,24,5,"20|21|22|23|24"
6,0.66252575686955,0.33747424313045,0,1,"0"
6,0.66252575686955,0.33747424313045,1,2,"1|2"
6,0.66252575686955,0.33747424313045,2,2,"1|2"
6,0.66252575686955,0.33747424313045,3,2,"3|4"
6,0.66252575686955,0.33747424313045,4,2,"3|4"
6,0.66252575686955,0.33747424313045,5,3,"5|6|7"
6,0.66252575686955,0.33747424313045,6,3,"5|6|7"
6,0.66252575686955,0.33747424313045,7,3,"5|6|7"
6,0.66252575686955,0.33747424313045,8,2,"8|9"
6,0.66252575686955,0.33747424313045,9,2,"8|9"
6,0.66252575686955,0.33747424313045,10,4,"10|11|12|13"
6,0.66252575686955,0.33747424313045,11,4,"10|11|12|13"
6,0.66252575686955,0.33747424313045,12,4,"10|11|12|13"
6,0.66252575686955,0.33747424313045,13,4,"10|11|12|13"
6,0.66252575686955,0.33747424313045,14,1,"14"
6,0.66252575686955,0.33747424313045,15,5,"15|16|17|18|19"
6,0.66252575686955,0.33747424313045,16,5,"15|16|17|18|19"
6,0.66252575686955,0.33747424313045,17,5,"15|16|17|18|19"
6,0.66252575686955,0.33747424313045,18,5,"15|16|17|18|19"
6,0.66252575686955,0.33747424313045,19,5,"15|16|17|18|19"
6,0.66252575686955,0.33747424313045,20,5,"20|21|22|23|24"
6,0.66252575686955,0.33747424313045,21,5,"20|21|22|23|24"
6,0.66252575686955,0.33747424313045,22,5,"20|21|22|23|24"
6,0.66252575686955,0.33747424313045,23,5,"20|21|22|23|24"
6,0.66252575686955,0.33747424313045,24,5,"20|21|22|23|24"
7,0.666142764990738,0.333857235009262,0,1,"0"
7,0.666142764990738,0.333857235009262,1,2,"1|2"
7,0.666142764990738,0.333857235009262,2,2,"1|2"
7,0.666142764990738,0.333857235009262,3,2,"3|4"
7,0.666142764990738,0.333857235009262,4,2,"3|4"
7,0.666142764990738,0.333857235009262,5,3,"5|6|7"
7,0.666142764990738,0.333857235009262,6,3,"5|6|7"
7,0.666142764990738,0.333857235009262,7,3,"5|6|7"
7,0.666142764990738,0.333857235009262,8,2,"8|9"
7,0.666142764990738,0.333857235009262,9,2,"8|9"
7,0.666142764990738,0.333857235009262,10,4,"10|11|12|13"
7,0.666142764990738,0.333857235009262,11,4,"10|11|12|13"
7,0.666142764990738,0.333857235009262,12,4,"10|11|12|13"
7,0.666142764990738,0.333857235009262,13,4,"10|11|12|13"
7,0.666142764990738,0.333857235009262,14,1,"14"
7,0.666142764990738,0.333857235009262,15,4,"15|16|17|18"
7,0.666142764990738,0.333857235009262,16,4,"15|16|17|18"
7,0.666142764990738,0.333857235009262,17,4,"15|16|17|18"
7,0.666142764990738,0.333857235009262,18,4,"15|16|17|18"
7,0.666142764990738,0.333857235009262,19,1,"19"
7,0.666142764990738,0.333857235009262,20,5,"20|21|22|23|24"
7,0.666142764990738,0.333857235009262,21,5,"20|21|22|23|24"
7,0.666142764990738,0.333857235009262,22,5,"20|21|22|23|24"
7,0.666142764990738,0.333857235009262,23,5,"20|21|22|23|24"
7,0.666142764990738,0.333857235009262,24,5,"20|21|22|23|24"
8,0.6805780142766,0.3194219857234,0,1,"0"
8,0.6805780142766,0.3194219857234,1,2,"1|2"
8,0.6805780142766,0.3194219857234,2,2,"1|2"
8,0.6805780142766,0.3194219857234,3,1,"3"
8,0.6805780142766,0.3194219857234,4,1,"4"
8,0.6805780142766,0.3194219857234,5,3,"5|6|7"
8,0.6805780142766,0.3194219857234,6,3,"5|6|7"
8,0.6805780142766,0.3194219857234,7,3,"5|6|7"
8,0.6805780142766,0.3194219857234,8,2,"8|9"
8,0.6805780142766,0.3194219857234,9,2,"8|9"
8,0.6805780142766,0.3194219857234,10,4,"10|11|12|13"
8,0.6805780142766,0.3194219857234,11,4,"10|11|12|13"
8,0.6805780142766,0.3194219857234,12,4,"10|11|12|13"
8,0.6805780142766,0.3194219857234,13,4,"10|11|12|13"
8,0.6805780142766,0.3194219857234,14,1,"14"
8,0.6805780142766,0.3194219857234,15,4,"15|16|17|18"
8,0.6805780142766,0.3194219857234,16,4,"15|16|17|18"
8,0.6805780142766,0.3194219857234,17,4,"15|16|17|18"
8,0.6805780142766,0.3194219857234,18,4,"15|16|17|18"
8,0.6805780142766,0.3194219857234,19,1,"19"
8,0.6805780142766,0.3194219857234,20,5,"20|21|22|23|24"
8,0.6805780142766,0.3194219857234,21,5,"20|21|22|23|24"
8,0.6805780142766,0.3194219857234,22,5,"20|21|22|23|24"
8,0.6805780142766,0.3194219857234,23,5,"20|21|22|23|24"
8,0.6805780142766,0.3194219857234,24,5,"20|21|22|23|24"
9,0.684504876135388,0.315495123864612,0,1,"0"
9,0.684504876135388,0.315495123864612,1,2,"1|2"
9,0.684504876135388,0.315495123864612,2,2,"1|2"
9,0.684504876135388,0.315495123864612,3,1,"3"
9,0.684504876135388,0.315495123864612,4,1,"4"
9,0.684504876135388,0.315495123864612,5,3,"5|6|7"
9,0.684504876135388,0.315495123864612,6,3,"5|6|7"
9,0.684504876135388,0.315495123864612,7,3,"5|6|7"
9,0.684504876135388,0.315495123864612,8,2,"8|9"
9,0.684504876135388,0.315495123864612,9,2,"8|9"
9,0.684504876135388,0.315495123864612,10,4,"10|11|12|13"
9,0.684504876135388,0.315495123864612,11,4,"10|11|12|13"
9,0.684504876135388,0.315495123864612,12,4,"10|11|12|13"
9,0.684504876135388,0.315495123864612,13,4,"10|11|12|13"
9,0.684504876135388,0.315495123864612,14,1,"14"
9,0.684504876135388,0.315495123864612,15,4,"15|16|17|18"
9,0.684504876135388,0.315495123864612,16,4,"15|16|17|18"
9,0.684504876135388,0.315495123864612,17,4,"15|16|17|18"
9,0.684504876135388,0.315495123864612,18,4,"15|16|17|18"
9,0.684504876135388,0.315495123864612,19,1,"19"
9,0.684504876135388,0.315495123864612,20,3,"20|21|22"
9,0.684504876135388,0.315495123864612,21,3,"20|21|22"
9,0.684504876135388,0.315495123864612,22,3,"20|21|22"
9,0.684504876135388,0.315495123864612,23,2,"23|24"
9,0.684504876135388,0.315495123864612,24,2,"23|24"
10,0.701804057778663,0.298195942221337,0,1,"0"
10,0.701804057778663,0.298195942221337,1,1,"1"
10,0.701804057778663,0.298195942221337,2,1,"2"
10,0.701804057778663,0.298195942221337,3,1,"3"
10,0.701804057778663,0.298195942221337,4,1,"4"
10,0.701804057778663,0.298195942221337,5,3,"5|6|7"
10,0.701804057778663,0.298195942221337,6,3,"5|6|7"
10,0.701804057778663,0.298195942221337,7,3,"5|6|7"
10,0.701804057778663,0.298195942221337,8,2,"8|9"
10,0.701804057778663,0.298195942221337,9,2,"8|9"
10,0.701804057778663,0.298195942221337,10,4,"10|11|12|13"
10,0.701804057778663,0.298195942221337,11,4,"10|11|12|13"
10,0.701804057778663,0.298195942221337,12,4,"10|11|12|13"
10,0.701804057778663,0.298195942221337,13,4,"10|11|12|13"
10,0.701804057778663,0.298195942221337,14,1,"14"
10,0.701804057778663,0.298195942221337,15,2,"15|16"
10,0.701804057778663,0.298195942221337,16,2,"15|16"
10,0.701804057778663,0.298195942221337,17,2,"17|18"
10,0.701804057778663,0.298195942221337,18,2,"17|18"
10,0.701804057778663,0.298195942221337,19,1,"19"
10,0.701804057778663,0.298195942221337,20,3,"20|21|22"
10,0.701804057778663,0.298195942221337,21,3,"20|21|22"
10,0.701804057778663,0.298195942221337,22,3,"20|21|22"
10,0.701804057778663,0.298195942221337,23,2,"23|24"
10,0.701804057778663,0.298195942221337,24,2,"23|24"
11,0.708497728535266,0.291502271464734,0,1,"0"
11,0.708497728535266,0.291502271464734,1,1,"1"
11,0.708497728535266,0.291502271464734,2,1,"2"
11,0.708497728535266,0.291502271464734,3,1,"3"
11,0.708497728535266,0.291502271464734,4,1,"4"
11,0.708497728535266,0.291502271464734,5,3,"5|6|7"
11,0.708497728535266,0.291502271464734,6,3,"5|6|7"
11,0.708497728535266,0.291502271464734,7,3,"5|6|7"
11,0.708497728535266,0.291502271464734,8,2,"8|9"
11,0.708497728535266,0.291502271464734,9,2,"8|9"
11,0.708497728535266,0.291502271464734,10,1,"10"
11,0.708497728535266,0.291502271464734,11,3,"11|12|13"
11,0.708497728535266,0.291502271464734,12,3,"11|12|13"
11,0.708497728535266,0.291502271464734,13,3,"11|12|13"
11,0.708497728535266,0.291502271464734,14,1,"14"
11,0.708497728535266,0.291502271464734,15,2,"15|16"
11,0.708497728535266,0.291502271464734,16,2,"15|16"
11,0.708497728535266,0.291502271464734,17,2,"17|18"
11,0.708497728535266,0.291502271464734,18,2,"17|18"
11,0.708497728535266,0.291502271464734,19,1,"19"
11,0.708497728535266,0.291502271464734,20,3,"20|21|22"
11,0.708497728535266,0.291502271464734,21,3,"20|21|22"
11,0.708497728535266,0.291502271464734,22,3,"20|21|22"
11,0.708497728535266,0.291502271464734,23,2,"23|24"
11,0.708497728535266,0.291502271464734,24,2,"23|24"
12,0.715675434721839,0.284324565278161,0,1,"0"
12,0.715675434721839,0.284324565278161,1,1,"1"
12,0.715675434721839,0.284324565278161,2,1,"2"
12,0.715675434721839,0.284324565278161,3,1,"3"
12,0.715675434721839,0.284324565278161,4,1,"4"
12,0.715675434721839,0.284324565278161,5,3,"5|6|7"
12,0.715675434721839,0.284324565278161,6,3,"5|6|7"
12,0.715675434721839,0.284324565278161,7,3,"5|6|7"
12,0.715675434721839,0.284324565278161,8,2,"8|9"
12,0.715675434721839,0.284324565278161,9,2,"8|9"
12,0.715675434721839,0.284324565278161,10,1,"10"
12,0.715675434721839,0.284324565278161,11,3,"11|12|13"
12,0.715675434721839,0.284324565278161,12,3,"11|12|13"
12,0.715675434721839,0.284324565278161,13,3,"11|12|13"
12,0.715675434721839,0.284324565278161,14,1,"14"
12,0.715675434721839,0.284324565278161,15,1,"15"
12,0.715675434721839,0.284324565278161,16,1,"16"
12,0.715675434721839,0.284324565278161,17,2,"17|18"
12,0.715675434721839,0.284324565278161,18,2,"17|18"
12,0.715675434721839,0.284324565278161,19,1,"19"
12,0.715675434721839,0.284324565278161,20,3,"20|21|22"
12,0.715675434721839,0.284324565278161,21,3,"20|21|22"
12,0.715675434721839,0.284324565278161,22,3,"20|21|22"
12,0.715675434721839,0.284324565278161,23,2,"23|24"
12,0.715675434721839,0.284324565278161,24,2,"23|24"
13,0.71573731954019,0.28426268045981,0,1,"0"
13,0.71573731954019,0.28426268045981,1,1,"1"
13,0.71573731954019,0.28426268045981,2,1,"2"
13,0.71573731954019,0.28426268045981,3,1,"3"
13,0.71573731954019,0.28426268045981,4,1,"4"
13,0.71573731954019,0.28426268045981,5,3,"5|6|7"
13,0.71573731954019,0.28426268045981,6,3,"5|6|7"
13,0.71573731954019,0.28426268045981,7,3,"5|6|7"
13,0.71573731954019,0.28426268045981,8,2,"8|9"
13,0.71573731954019,0.28426268045981,9,2,"8|9"
13,0.71573731954019,0.28426268045981,10,1,"10"
13,0.71573731954019,0.28426268045981,11,3,"11|12|13"
13,0.71573731954019,0.28426268045981,12,3,"11|12|13"
13,0.71573731954019,0.28426268045981,13,3,"11|12|13"
13,0.71573731954019,0.28426268045981,14,1,"14"
13,0.71573731954019,0.28426268045981,15,1,"15"
13,0.71573731954019,0.28426268045981,16,1,"16"
13,0.71573731954019,0.28426268045981,17,1,"17"
13,0.71573731954019,0.28426268045981,18,1,"18"
13,0.71573731954019,0.28426268045981,19,1,"19"
13,0.71573731954019,0.28426268045981,20,3,"20|21|22"
13,0.71573731954019,0.28426268045981,21,3,"20|21|22"
13,0.71573731954019,0.28426268045981,22,3,"20|21|22"
13,0.71573731954019,0.28426268045981,23,2,"23|24"
13,0.71573731954019,0.28426268045981,24,2,"23|24"
14,0.72320772800517,0.27679227199483,0,1,"0"
14,0.72320772800517,0.27679227199483,1,1,"1"
14,0.72320772800517,0.27679227199483,2,1,"2"
14,0.72320772800517,0.27679227199483,3,1,"3"
14,0.72320772800517,0.27679227199483,4,1,"4"
14,0.72320772800517,0.27679227199483,5,3,"5|6|7"
14,0.72320772800517,0.27679227199483,6,3,"5|6|7"
14,0.72320772800517,0.27679227199483,7,3,"5|6|7"
14,0.72320772800517,0.27679227199483,8,2,"8|9"
14,0.72320772800517,0.27679227199483,9,2,"8|9"
14,0.72320772800517,0.27679227199483,10,1,"10"
14,0.72320772800517,0.27679227199483,11,1,"11"
14,0.72320772800517,0.27679227199483,12,2,"12|13"
14,0.72320772800517,0.27679227199483,13,2,"12|13"
14,0.72320772800517,0.27679227199483,14,1,"14"
14,0.72320772800517,0.27679227199483,15,1,"15"
14,0.72320772800517,0.27679227199483,16,1,"16"
14,0.72320772800517,0.27679227199483,17,1,"17"
14,0.72320772800517,0.27679227199483,18,1,"18"
14,0.72320772800517,0.27679227199483,19,1,"19"
14,0.72320772800517,0.27679227199483,20,3,"20|21|22"
14,0.72320772800517,0.27679227199483,21,3,"20|21|22"
14,0.72320772800517,0.27679227199483,22,3,"20|21|22"
14,0.72320772800517,0.27679227199483,23,1,"23"
14,0.72320772800517,0.27679227199483,24,1,"24"
15,0.732961610960249,0.267038389039751,0,1,"0"
15,0.732961610960249,0.267038389039751,1,1,"1"
15,0.732961610960249,0.267038389039751,2,1,"2"
15,0.732961610960249,0.267038389039751,3,1,"3"
15,0.732961610960249,0.267038389039751,4,1,"4"
15,0.732961610960249,0.267038389039751,5,3,"5|6|7"
15,0.732961610960249,0.267038389039751,6,3,"5|6|7"
15,0.732961610960249,0.267038389039751,7,3,"5|6|7"
15,0.732961610960249,0.267038389039751,8,2,"8|9"
15,0.732961610960249,0.267038389039751,9,2,"8|9"
15,0.732961610960249,0.267038389039751,10,1,"10"
15,0.732961610960249,0.267038389039751,11,1,"11"
15,0.732961610960249,0.267038389039751,12,1,"12"
15,0.732961610960249,0.267038389039751,13,1,"13"
15,0.732961610960249,0.267038389039751,14,1,"14"
15,0.732961610960249,0.267038389039751,15,1,"15"
15,0.732961610960249,0.267038389039751,16,1,"16"
15,0.732961610960249,0.267038389039751,17,1,"17"
15,0.732961610960249,0.267038389039751,18,1,"18"
15,0.732961610960249,0.267038389039751,19,1,"19"
15,0.732961610960249,0.267038389039751,20,3,"20|21|22"
15,0.732961610960249,0.267038389039751,21,3,"20|21|22"
15,0.732961610960249,0.267038389039751,22,3,"20|21|22"
15,0.732961610960249,0.267038389039751,23,1,"23"
15,0.732961610960249,0.267038389039751,24,1,"24"
16,0.752770266967885,0.247229733032115,0,1,"0"
16,0.752770266967885,0.247229733032115,1,1,"1"
16,0.752770266967885,0.247229733032115,2,1,"2"
16,0.752770266967885,0.247229733032115,3,1,"3"
16,0.752770266967885,0.247229733032115,4,1,"4"
16,0.752770266967885,0.247229733032115,5,3,"5|6|7"
16,0.752770266967885,0.247229733032115,6,3,"5|6|7"
16,0.752770266967885,0.247229733032115,7,3,"5|6|7"
16,0.752770266967885,0.247229733032115,8,2,"8|9"
16,0.752770266967885,0.247229733032115,9,2,"8|9"
16,0.752770266967885,0.247229733032115,10,1,"10"
16,0.752770266967885,0.247229733032115,11,1,"11"
16,0.752770266967885,0.247229733032115,12,1,"12"
16,0.752770266967885,0.247229733032115,13,1,"13"
16,0.752770266967885,0.247229733032115,14,1,"14"
16,0.752770266967885,0.247229733032115,15,1,"15"
16,0.752770266967885,0.247229733032115,16,1,"16"
16,0.752770266967885,0.247229733032115,17,1,"17"
16,0.752770266967885,0.247229733032115,18,1,"18"
16,0.752770266967885,0.247229733032115,19,1,"19"
16,0.752770266967885,0.247229733032115,20,1,"20"
16,0.752770266967885,0.247229733032115,21,2,"21|22"
16,0.752770266967885,0.247229733032115,22,2,"21|22"
16,0.752770266967885,0.247229733032115,23,1,"23"
16,0.752770266967885,0.247229733032115,24,1,"24"
17,0.755072667904441,0.244927332095559,0,1,"0"
17,0.755072667904441,0.244927332095559,1,1,"1"
17,0.755072667904441,0.244927332095559,2,1,"2"
17,0.755072667904441,0.244927332095559,3,1,"3"
17,0.755072667904441,0.244927332095559,4,1,"4"
17,0.755072667904441,0.244927332095559,5,2,"5|6"
17,0.755072667904441,0.244927332095559,6,2,"5|6"
17,0.755072667904441,0.244927332095559,7,1,"7"
17,0.755072667904441,0.244927332095559,8,2,"8|9"
17,0.755072667904441,0.244927332095559,9,2,"8|9"
17,0.755072667904441,0.244927332095559,10,1,"10"
17,0.755072667904441,0.244927332095559,11,1,"11"
17,0.755072667904441,0.244927332095559,12,1,"12"
17,0.755072667904441,0.244927332095559,13,1,"13"
17,0.755072667904441,0.244927332095559,14,1,"14"
17,0.755072667904441,0.244927332095559,15,1,"15"
17,0.755072667904441,0.244927332095559,16,1,"16"
17,0.755072667904441,0.244927332095559,17,1,"17"
17,0.755072667904441,0.244927332095559,18,1,"18"
17,0.755072667904441,0.244927332095559,19,1,"19"
17,0.755072667904441,0.244927332095559,20,1,"20"
17,0.755072667904441,0.244927332095559,21,2,"21|22"
17,0.755072667904441,0.244927332095559,22,2,"21|22"
17,0.755072667904441,0.244927332095559,23,1,"23"
17,0.755072667904441,0.244927332095559,24,1,"24"
18,0.769450363238085,0.230549636761915,0,1,"0"
18,0.769450363238085,0.230549636761915,1,1,"1"
18,0.769450363238085,0.230549636761915,2,1,"2"
18,0.769450363238085,0.230549636761915,3,1,"3"
18,0.769450363238085,0.230549636761915,4,1,"4"
18,0.769450363238085,0.230549636761915,5,2,"5|6"
18,0.769450363238085,0.230549636761915,6,2,"5|6"
18,0.769450363238085,0.230549636761915,7,1,"7"
18,0.769450363238085,0.230549636761915,8,1,"8"
18,0.769450363238085,0.230549636761915,9,1,"9"
18,0.769450363238085,0.230549636761915,10,1,"10"
18,0.769450363238085,0.230549636761915,11,1,"11"
18,0.769450363238085,0.230549636761915,12,1,"12"
18,0.769450363238085,0.230549636761915,13,1,"13"
18,0.769450363238085,0.230549636761915,14,1,"14"
18,0.769450363238085,0.230549636761915,15,1,"15"
18,0.769450363238085,0.230549636761915,16,1,"16"
18,0.769450363238085,0.230549636761915,17,1,"17"
18,0.769450363238085,0.230549636761915,18,1,"18"
18,0.769450363238085,0.230549636761915,19,1,"19"
18,0.769450363238085,0.230549636761915,20,1,"20"
18,0.769450363238085,0.230549636761915,21,1,"21"
18,0.769450363238085,0.230549636761915,22,1,"22"
18,0.769450363238085,0.230549636761915,23,1,"23"
18,0.769450363238085,0.230549636761915,24,1,"24"
19,1,0,0,1,"0"
19,1,0,1,1,"1"
19,1,0,2,1,"2"
19,1,0,3,1,"3"
19,1,0,4,1,"4"
19,1,0,5,1,"5"
19,1,0,6,1,"6"
19,1,0,7,1,"7"
19,1,0,8,1,"8"
19,1,0,9,1,"9"
19,1,0,10,1,"10"
19,1,0,11,1,"11"
19,1,0,12,1,"12"
19,1,0,13,1,"13"
19,1,0,14,1,"14"
19,1,0,15,1,"15"
19,1,0,16,1,"16"
19,1,0,17,1,"17"
19,1,0,18,1,"18"
19,1,0,19,1,"19"
19,1,0,20,1,"20"
19,1,0,21,1,"21"
19,1,0,22,1,"22"
19,1,0,23,1,"23"
19,1,0,24,1,"24"
